title,authors,year,citations,abstract,result_id,publication_info,pdf_links,url,total_results,search_time
Tree tensor networks for generative modeling,"S Cheng, L Wang, T Xiang, P Zhang",2019,329,"… of applying tensor networks to machine learning by employing the tree tensor network (TTN), … We design the tree tensor network to utilize the two-dimensional prior of the natural images …",aAL4L6VjeU0J,"S Cheng, L Wang, T Xiang, P Zhang - Physical Review B, 2019 - APS",['https://arxiv.org/pdf/1901.02217'],https://journals.aps.org/prb/abstract/10.1103/PhysRevB.99.155131,unknown,unknown
Tensor tree learns hidden relational structures in data to construct generative models,"K Harada, T Okubo, N Kawashima",2025,10,"… tensor tree network with the Born machine framework, we propose a general method for constructing a generative model … a tensor network with no loop, which we call tensor tree. Each …",RP7OqdTaAPsJ,"K Harada, T Okubo, N Kawashima - Machine Learning: Science …, 2025 - iopscience.iop.org",['https://iopscience.iop.org/article/10.1088/2632-2153/adc2c7/pdf'],https://iopscience.iop.org/article/10.1088/2632-2153/adc2c7/meta,unknown,unknown
Plastic tensor networks for interpretable generative modeling,"KO Akamatsu, K Harada, T Okubo…",2026,4,"… Construction of a nonnegative tensor network representing the weight function W(⃗x). The tensor tree model is composed of nonnegative tensors T(n), and input vectors are labeled like …",Mm2FgrQOlmUJ,"KO Akamatsu, K Harada, T Okubo… - … Learning: Science and …, 2026 - iopscience.iop.org",['https://iopscience.iop.org/article/10.1088/2632-2153/ae3048/pdf'],https://iopscience.iop.org/article/10.1088/2632-2153/ae3048/meta,unknown,unknown
Generative modeling via tree tensor network states,"X Tang, YH Hur, Y Khoo, L Ying",2023,11,"… using a tree tensor network state as a generative model that enjoys … tensor network architectures for generative modeling. In Sect. 1.2, we discuss the connection between TTNS and tree…",qSwLJCTCm6oJ,"X Tang, YH Hur, Y Khoo, L Ying - Research in the Mathematical Sciences, 2023 - Springer",['https://par.nsf.gov/servlets/purl/10550346'],https://link.springer.com/article/10.1007/s40687-023-00381-3,unknown,unknown
Generative modeling via tree tensor network states,"X Tang, Y Hur, Y Khoo, L Ying",2022,10,"… a tensor train (TT) format, an algorithm termed Tensor Train via … general model assumption that p⋆ is in a Tree Tensor Network … structure that is either a tree or locally tree-like. In terms of …",xkQmK7RZm_gJ,"X Tang, Y Hur, Y Khoo, L Ying - arXiv preprint arXiv:2209.01341, 2022 - arxiv.org",['https://arxiv.org/pdf/2209.01341'],https://arxiv.org/abs/2209.01341,unknown,unknown
Generative learning of continuous data by tensor networks,"A Meiburg, J Chen, J Miller, R Tihon…",2023,16,"… modeling problems. We overcome this by introducing a new family of tensor network generative … layer results in a model that is a simple example of a tree tensor network, as shown in Fig…",wH3MxM4TMBYJ,"A Meiburg, J Chen, J Miller, R Tihon… - arXiv preprint arXiv …, 2023 - arxiv.org",['https://arxiv.org/pdf/2310.20498'],https://arxiv.org/abs/2310.20498,unknown,unknown
Generative machine learning with tensor networks: Benchmarks on near-term quantum computers,"ML Wall, MR Abernathy, G Quiroz",2021,54,"… In what follows, we specialize to the case of tensor network (TN) models, which provide a … node in this tree, as proved in Ref. [69]. In order to select between nodes in this tree, we define …",paY7Ksj1H-YJ,"ML Wall, MR Abernathy, G Quiroz - Physical Review Research, 2021 - APS",['https://link.aps.org/pdf/10.1103/PhysRevResearch.3.023010'],https://journals.aps.org/prresearch/abstract/10.1103/PhysRevResearch.3.023010,unknown,unknown
Deep tree tensor networks,C Nie,2025,7,"… named Deep Tree Tensor Network (DTTN), which captures 2L-order multiplicative interactions across features through multilinear operations, while essentially unfolding into a tree-like …",GZcaDJjXD1AJ,"C Nie - arXiv preprint arXiv:2502.09928, 2025 - arxiv.org",['https://arxiv.org/pdf/2502.09928'],https://arxiv.org/abs/2502.09928,unknown,unknown
Simulating quantum circuits using tree tensor networks,"P Seitz, I Medina, E Cruz, Q Huang, CB Mendl",2023,62,"… We say that a tree tensor network is of canonical form (ie, orthonormalized) if each node in … -orthonormalization of the tree tensor network. To ensure that the tree tensor network can be …",Wna7MDXLHegJ,"P Seitz, I Medina, E Cruz, Q Huang, CB Mendl - Quantum, 2023 - quantum-journal.org",['https://quantum-journal.org/papers/q-2023-03-30-964/pdf/'],https://quantum-journal.org/papers/q-2023-03-30-964/,unknown,unknown
From probabilistic graphical models to generalized tensor networks for supervised learning,"I Glasser, N Pancotti, JI Cirac",2020,118,… between generalized tensor network architectures used in … and has led to an algorithm for generative modeling with … is significantly better than that of a tree tensor network [42] or a MPS …,YdlwwcVxpJcJ,"I Glasser, N Pancotti, JI Cirac - IEEE Access, 2020 - ieeexplore.ieee.org",['https://ieeexplore.ieee.org/iel7/6287639/8948470/09058650.pdf'],https://ieeexplore.ieee.org/abstract/document/9058650/,unknown,unknown
Tensor network language model,"V Pestun, Y Vlassopoulos",2017,40,"… circuit deep convolutional network is a particular case of a tree tensor network. Linear matrix … Hence, we deduce that for an isometric tree tensor network the parameter moduli space Lγ …",h4971agd31AJ,"V Pestun, Y Vlassopoulos - arXiv preprint arXiv:1710.10248, 2017 - arxiv.org",['https://arxiv.org/pdf/1710.10248'],https://arxiv.org/abs/1710.10248,unknown,unknown
Deep Tree Tensor Networks,C Nie,2026,0,"… named Deep Tree Tensor Network (DTTN), which captures 2L-order multiplicative interactions across features through multilinear operations, while essentially unfolding into a tree-like …",FzoxXZNrGhsJ,"C Nie - Advances in Neural Information Processing Systems, 2026 - proceedings.neurips.cc",['https://proceedings.neurips.cc/paper_files/paper/2025/file/42d6cda0d721d41ea5751b4bf4d53616-Paper-Conference.pdf'],https://proceedings.neurips.cc/paper_files/paper/2025/hash/42d6cda0d721d41ea5751b4bf4d53616-Abstract-Conference.html,unknown,unknown
Machine learning by unitary tensor network of hierarchical tree structure,"D Liu, SJ Ran, P Wittek, C Peng, RB García…",2019,187,"… The tensors in the TTN are updated alternatively to minimize … other tensors are fixed and define the environment tensor E [k,m… a TN with a hierarchical tree structure, called tree TN (TTN). …",GHEZQVpO3ywJ,"D Liu, SJ Ran, P Wittek, C Peng, RB García… - New Journal of …, 2019 - iopscience.iop.org",['https://iopscience.iop.org/article/10.1088/1367-2630/ab31ef/pdf'],https://iopscience.iop.org/article/10.1088/1367-2630/ab31ef/meta,unknown,unknown
Learning generative models for active inference using tensor networks,"ST Wauthier, B Vanhecke, T Verbelen…",2022,7,"… Later, we show how a tensor network agent behaves when planning under sophisticated … Examples of other possible networks are: tree tensor networks (TTN) and projected entangled …",j9igsm5CWS0J,"ST Wauthier, B Vanhecke, T Verbelen… - International Workshop on …, 2022 - Springer",['https://arxiv.org/pdf/2208.08713'],https://link.springer.com/chapter/10.1007/978-3-031-28719-0_20,unknown,unknown
Symmetric tensor networks for generative modeling and constrained combinatorial optimization,"J Lopez-Piqueres, J Chen…",2023,27,… Using a binary search tree on top to match configurations of charges to the left and to the … Flowchart of all the steps entering in the tensor network generative algorithm for combinatorial …,60u9FlScSLcJ,"J Lopez-Piqueres, J Chen… - … Learning: Science and …, 2023 - iopscience.iop.org",['https://iopscience.iop.org/article/10.1088/2632-2153/ace0f5/pdf'],https://iopscience.iop.org/article/10.1088/2632-2153/ace0f5/meta,unknown,unknown
Generative tensor network classification model for supervised machine learning,"ZZ Sun, C Peng, D Liu, SJ Ran, G Su",2020,85,"… , we propose a generative tensor network classification (GTNC) model for … generative TN’s; each generative TN is a quantum state defined in E and is trained as the generative model for …",jlr_nWYxhAEJ,"ZZ Sun, C Peng, D Liu, SJ Ran, G Su - Physical Review B, 2020 - APS",['https://arxiv.org/pdf/1903.10742'],https://journals.aps.org/prb/abstract/10.1103/PhysRevB.101.075135,unknown,unknown
Efficient Deep Generative Models for Spatial Networks via Spanning Tree Sampler,"X Guo, Y Du, Z Zhang, L Zhao",2025,0,"… a novel disentangled and scalable deep generative model for spatial networks. Specifically, an objective for spatial-network joint disentangled representation learning is derived and …",FwwBdtwyxw0J,"X Guo, Y Du, Z Zhang, L Zhao - ACM Transactions on Knowledge …, 2025 - dl.acm.org",['https://dl.acm.org/doi/pdf/10.1145/3774416'],https://dl.acm.org/doi/abs/10.1145/3774416,unknown,unknown
Stochastic Optimization of Tree Tensor Networks,"M Willner, M Scharf, A Uschmajew, T Felser…",2026,0,"… as trainable models for supervised classification and generative modeling [14, 15]. … tensor network architecture for CIFAR10 than for Imagenette and Fashion-MNIST. In fact, the tree …",IhNJ7aNwJMIJ,"M Willner, M Scharf, A Uschmajew, T Felser… - arXiv preprint arXiv …, 2026 - arxiv.org",['https://arxiv.org/pdf/2609.00870'],https://arxiv.org/abs/2609.00870,unknown,unknown
Improving the accuracy of the tree-tensor network approach by optimization of network structure,"T Hikihara, H Ueda, K Okunishi, K Harada, T Nishino",2025,6,"… based on the tree-tensor networks (TTNs), which are tensor networks without loops. We … on binary trees, ie, TTNs composed of three-leg tensors, although the extension to m-ary trees is …",8r3NE3TrjpUJ,"T Hikihara, H Ueda, K Okunishi, K Harada, T Nishino - Physical Review B, 2025 - APS",['https://arxiv.org/pdf/2501.15514'],https://link.aps.org/doi/10.1103/ljj8-tkpc,unknown,unknown
Tree-Invent: a novel multipurpose molecular generative model constrained with a topological tree,"M Xu, H Chen",2023,10,"… a novel multipurpose autoregressive generative model, Tree-Invent, by mingling the fragment-based topological tree generation and atom-based graph generation in one model. One …",8U0IxpFnm9QJ,"M Xu, H Chen - Journal of chemical information and modeling, 2023 - ACS Publications",[],https://pubs.acs.org/doi/abs/10.1021/acs.jcim.3c01626,unknown,unknown
"Machine learning with tree tensor networks, CP rank constraints, and tensor dropout","H Chen, T Barthel",2024,36,"… The main contribution of this work is to improve tensornetwork machine learning by introducing … , the same logic applies for generative modeling and clustering problems [24], [43]–[52]. …",uycJhakC0jwJ,"H Chen, T Barthel - IEEE Transactions on Pattern Analysis and …, 2024 - ieeexplore.ieee.org",['https://arxiv.org/pdf/2305.19440'],https://ieeexplore.ieee.org/abstract/document/10517663/,unknown,unknown
Discrete generative diffusion models without stochastic differential equations: A tensor network approach,"L Causer, GM Rotskoff, JP Garrahan",2025,7,"… Note that while there exist other tensor network Ansätze that might be more appropiate for … dimensions on thin cylinders), other TN topologies, such as tree tensor networks (TTNs) [80…",e0D1tSSLt0oJ,"L Causer, GM Rotskoff, JP Garrahan - Physical Review E, 2025 - APS",['https://link.aps.org/pdf/10.1103/PhysRevE.111.025302'],https://journals.aps.org/pre/abstract/10.1103/PhysRevE.111.025302,unknown,unknown
Tensor networks for unsupervised machine learning,"J Liu, S Li, J Zhang, P Zhang",2023,70,"… of our model using two applications, generative modeling on … model significantly outperforms the existing tensor network … states (MPSs) [7,16] and tree tensor networks (TTNs) [9,17] …",8oysnt0KL8cJ,"J Liu, S Li, J Zhang, P Zhang - Physical Review E, 2023 - APS",['https://arxiv.org/pdf/2106.12974'],https://journals.aps.org/pre/abstract/10.1103/PhysRevE.107.L012103,unknown,unknown
Tree Tensor Network Quantum-Classical Hybrid Neural Architecture for Efficient Data Classification,"NN Hidayat, M Akrom",2025,3,"… -Classical Neural Network (TTN-QNet), a hybrid architecture that leverages the hierarchical structure of Tree Tensor Networks … Liu, Quantum generative model with variable-depth circuit, …",PmTFsE7jZ74J,"NN Hidayat, M Akrom - Journal of Multiscale Materials …, 2025 - dl.futuretechsci.org",['https://dl.futuretechsci.org/id/eprint/121/1/JIMAT%20Template_5%20%2834-39%29.pdf'],https://dl.futuretechsci.org/id/eprint/121/,unknown,unknown
Urban tree generator: spatio-temporal and generative deep learning for urban tree localization and modeling: A. Firoze et al.,"A Firoze, B Benes, D Aliaga",2022,10,"… rules and our procedural modeling system, it trains generative networks for four … generative modeling engine produces a tree distribution map for each cluster. Finally, from the map tree …",G-yC-VJ7zigJ,"A Firoze, B Benes, D Aliaga - The Visual Computer, 2022 - Springer",['https://par.nsf.gov/servlets/purl/10358340'],https://link.springer.com/article/10.1007/s00371-022-02526-x,unknown,unknown
Tree-tensor-network classifiers for machine learning: From quantum inspired to quantum assisted,"ML Wall, G D'Aguanno",2021,50,"… In order to clarify the impact of qubit decoupling on a TTN classifier, it is useful to first describe its impact on a generative circuit given by the adjoint tensors. Namely, the generative …",hwP41TkhrkUJ,"ML Wall, G D'Aguanno - Physical Review A, 2021 - APS",['https://arxiv.org/pdf/2104.02249'],https://journals.aps.org/pra/abstract/10.1103/PhysRevA.104.042408,unknown,unknown
Visualization of tree-structured data through generative topographic mapping,"N Gianniotis, P Tino",2008,37,"… The class of local generative models used in this paper, the hidden Markov tree model (… VII, we present another local generative model, the Markov tree model, that is used to derive an …",-MxNcEfMBwIJ,"N Gianniotis, P Tino - IEEE Transactions on Neural Networks, 2008 - ieeexplore.ieee.org",['https://www.researchgate.net/profile/Peter-Tino/publication/3304190_Visualization_of_Tree-Structured_Data_Through_Generative_Topographic_Mapping/links/09e4150be38b1a9851000000/Visualization-of-Tree-Structured-Data-Through-Generative-Topographic-Mapping.pdf'],https://ieeexplore.ieee.org/abstract/document/4588975/,unknown,unknown
Probabilistic inference in the era of tensor networks and differential programming,"M Roa-Villescas, X Gao, S Stuijk, H Corporaal…",2024,12,"… probabilistic modeling tasks in terms of tensor network … binary tree, which we will refer to as a binary contraction tree. … in the domain of tensor-based generative modeling, notably those …",DexCEa1h4vgJ,"M Roa-Villescas, X Gao, S Stuijk, H Corporaal… - Physical Review …, 2024 - APS",['https://link.aps.org/pdf/10.1103/PhysRevResearch.6.033261'],https://journals.aps.org/prresearch/abstract/10.1103/PhysRevResearch.6.033261,unknown,unknown
Embedding of tree tensor networks into shallow quantum circuits,"S Sugawara, K Inomata, T Okubo, S Todo",2025,9,"… Tree tensor networks for generative modeling. Physical Review B, 99(15):155131. … Simulation of two-dimensional quantum systems using a tree tensor network that exploits the entropic …",QEk12HsB5wQJ,"S Sugawara, K Inomata, T Okubo, S Todo - arXiv preprint arXiv …, 2025 - arxiv.org",['https://arxiv.org/pdf/2501.18856'],https://arxiv.org/abs/2501.18856,unknown,unknown
Unsupervised generative modeling using matrix product states,"ZY Han, J Wang, H Fan, L Wang, P Zhang",2018,516,"… Generative modeling, which learns joint probability distribution from data and generates … we propose a generative model using matrix product states, which is a tensor network originally …",25EQKCe7K9QJ,"ZY Han, J Wang, H Fan, L Wang, P Zhang - Physical Review X, 2018 - APS",['https://link.aps.org/pdf/10.1103/PhysRevX.8.031012'],https://journals.aps.org/prx/abstract/10.1103/PhysRevX.8.031012,unknown,unknown
