pid,stratum,row_no,title,verdict,authority_source,source_url,full_abs_len,full_abs_tail40,stored_abs_len,note
P01,A_has_arxiv_full_abs,6,Area laws for the entanglement entropy-a review,consistent,arxiv,https://arxiv.org/abs/0808.3773v4,1788,at need to be considered in simulations.,1788,arXiv:0808.3773v4 摘要逐字完全匹配(1788)。与 P20 为同一工作(DOI 10.1103/RevModPhys.82.277)，见意外发现。
P02,A_has_arxiv_full_abs,31,Tensor network language model,consistent,arxiv,https://arxiv.org/abs/1710.10248v2,672,cations such as statistical translation.,672,arXiv:1710.10248v2 摘要逐字完全匹配(672)。
P03,A_has_arxiv_full_abs,32,Language as a matrix product state,consistent,arxiv,https://arxiv.org/abs/1711.01416v1,319,nslation invariant matrix product state.,319,arXiv:1711.01416v1 摘要逐字完全匹配(319)。
P04,A_has_arxiv_full_abs,41,Matrix product operators for sequence to sequence learning,consistent,arxiv,https://arxiv.org/abs/1803.10908v3,1060,an readily perform classification tasks.,1060,arXiv:1803.10908v3 摘要逐字完全匹配(1060)。
P05,B_snippet_no_arxiv_has_journal,3,"Entanglement, quantum phase transitions, and density matrix renormalization",truncated,arxiv,https://arxiv.org/abs/quant-ph/0109024,749,ional numerical renormalization methods.,184,snippet。两段省略号片段均逐字出现在 arXiv:quant-ph/0109024v2 摘要内，确为摘要截短(184/749)。
P06,B_snippet_no_arxiv_has_journal,43,"Ergodicity, entanglement and many-body localization",mismatch,publisher,https://www.pks.mpg.de/~tcqs14/Abstracts_Talks.pdf,1142,its breaking in quantum manybody systems,178,"严重失真。存量3片段全部来自同一PDF里另外三场报告(Buerschaper/Sun/Regnault)的摘要，无一属于 Abanin 本人报告。权威摘要(TCQS14 talk PDF, Abanin 段, 1142)与存量零重叠。"
P07,B_snippet_no_arxiv_has_journal,58,Compression of recurrent neural networks for efficient language modeling,mismatch,arxiv,https://arxiv.org/abs/1902.02380,1152,ined by matrix decomposition techniques.,181,"mismatch。存量片段(""Section 4.3 deals with Tensor…"")是论文正文而非摘要；arXiv:1902.02380v1 完整摘要(1152)不含。"
P08,B_snippet_no_arxiv_has_journal,78,Adaptive tensor-train decomposition for neural network compression,truncated,publisher,https://link.springer.com/chapter/10.1007/978-3-030-69244-5_6,1051,l's speed in deducing on mobile devices.,184,"truncated。存量是 Springer 发表版摘要(1051)的前缀，截断于""such …""。"
P09,C_snippet_no_identifier,4,Entanglement entropy and quantum field theory,mismatch,openalex,https://doi.org/10.1088/1742-5468/2004/06/P06002,1214,entropy near a quantum phase transition.,185,"mismatch。存量片段(""In the language of string theory…"")为正文措辞，不在 JSTAT 发表版摘要(OpenAlex,1214)内。"
P10,C_snippet_no_identifier,7,Entanglement renormalization and topological order,mismatch,arxiv,https://arxiv.org/abs/0712.0348,541,lize to arbitrary quantum double models.,185,mismatch。存量片段含引文标号[10]/[14]，为正文；arXiv:0712.0348v2 摘要(541)不含。
P11,C_snippet_no_identifier,8,Visualization of tree-structured data through generative topographic mapping,mismatch,openalex,https://doi.org/10.1109/TNN.2008.2001000,1312, set of images represented as quadtrees.,189,"mismatch。存量片段(""the hidden Markov tree model…"")为正文；IEEE 发表版摘要(OpenAlex,1312)不含。"
P12,C_snippet_no_identifier,9,Variational matrix-product-state approach to quantum impurity models,mismatch,arxiv,https://arxiv.org/abs/cond-mat/0504305,770, of complexity for $n$-channel problems.,185,mismatch。存量片段含引文标号 DMRG9，为正文；arXiv:cond-mat/0504305v2 摘要(770)不含。
P13,D_title_truncated,251,KARIPAP: Quantum-Inspired Tensor Network Compression of Large Language Models Using Infinite Projected Entangled Pair States and Tensor Renormalization …,consistent,arxiv,https://arxiv.org/abs/2510.21844v1,1242,"ent, and quantum-aware AI architectures.",1242,consistent。arXiv:2510.21844v1 摘要逐字完全匹配(1242)。标题被…截断(stratum D)但摘要完整。
P14,D_title_truncated,278,ACCELERATING LARGE LANGUAGE MODEL TRAINING USING HYBRID QUANTUM-CLASSICAL VARIATIONAL AUTOENCODERS WITH INTEGRATED …,truncated,publisher,http://pspac.info/index.php/dlbh/article/view/501,1908,simulation to early hardware deployment.,181,"truncated。省略号片段逐字出现在发表版摘要(pspac.info,1908)内；标题亦被截断。"
P15,E_authors_truncated,16,Matrix product state applications for the ALPS project,mismatch,arxiv,https://arxiv.org/abs/1407.0872,898,n and (ii) a model of quantum magnetism.,186,"mismatch(版本差)。存量为 Elsevier CPC 结构化摘要(""Solution method:""段)片段，与 arXiv:1407.0872v2 普通摘要(898)措辞不同；发表版 ScienceDirect 返回403，无法核验该结构化摘要原文。"
P16,E_authors_truncated,19,Tensorizing neural networks,mismatch,arxiv,https://arxiv.org/abs/1509.06569,846,ctor of the whole network up to 7 times.,194,mismatch。存量片段含引文标号[17]/[21]，为正文；arXiv:1509.06569v2 摘要(846)不含。
P17,F_abstract_empty,159,Generative machine learning with tensor networks,NOT_FOUND,none,,0,,0,NOT_FOUND。存量为空。arXiv/Crossref/OpenAlex 按标题+author Molnar 检索均未定位到此作者此文；arXiv:2010.03641 同名工作作者为 Wall/Abernathy/Quiron(非 Molnar)，不予采信；S2 命中限流429。
P18,G_suspicious_full_no_arxiv,2,Mutual information functions of natural language texts,consistent,openalex,https://openalex.org/W170911924,661,enomena in formal and natural languages.,661,consistent。OpenAlex W170911924 摘要逐字完全匹配(661)。
P19,G_suspicious_full_no_arxiv,5,Entanglement renormalization,consistent,openalex,https://doi.org/10.1103/PhysRevLett.99.220405,863,ribution to the entanglement of a block.,863,"consistent(版本注意)。存量与发表版 PRL 摘要(OpenAlex,863)逐字匹配；arXiv:cond-mat/0512165v2 预印本措辞不同(986)，存量用发表版。"
P20,G_suspicious_full_no_arxiv,10,Colloquium: Area laws for the entanglement entropy,consistent,openalex,https://doi.org/10.1103/RevModPhys.82.277,1968,idered in simulations of quantum states.,1968,"consistent。存量与发表版 RMP 摘要(OpenAlex,1968)逐字匹配。与 P01 同一工作(DOI 10.1103/RevModPhys.82.277)，见意外发现。"
P21,G_suspicious_full_no_arxiv,11,Entanglement renormalization in noninteracting fermionic systems,consistent,openalex,https://doi.org/10.1103/PhysRevB.81.235102,659,tion operators and correlation matrices.,659,"consistent。PRB 发表版摘要(OpenAlex,659)逐字完全匹配。"
P22,G_suspicious_full_no_arxiv,12,Entanglement renormalization in free bosonic systems: real-space versus momentum-space renormalization group transforms,consistent,openalex,https://doi.org/10.1088/1367-2630/12/2/025007,593,f relevant and irrelevant perturbations.,593,"consistent(版本注意)。存量与发表版 NJP 摘要(OpenAlex,593)逐字匹配；arXiv:0801.2449v2 为英式拼写 analysed/D=1 and D=2，存量用发表版。"
P23,H_mid_full_no_arxiv,33,Unsupervised generative modeling using matrix product states,consistent,openalex,https://doi.org/10.1103/PhysRevX.8.031012,231, conventional neural network approaches.,231,"consistent(版本注意)。存量与发表版 PRX 摘要(OpenAlex,231)逐字匹配；arXiv:1709.01662v3 预印本摘要更长(1212)，存量用 PRX 发表版。"
P24,H_mid_full_no_arxiv,34,Entanglement entropy: holography and renormalization group,consistent,openalex,https://doi.org/10.1103/RevModPhys.90.035007,331, illustrated with a variety of examples.,331,"consistent(版本注意)。存量与发表版 RMP 摘要(OpenAlex,331)逐字匹配；arXiv:1801.10352v3 预印本摘要更长(775)，存量用发表版。"
