arxiv_id,citations,journal_doi,jref,venue,published,published_host,oa_pdf,github,github_from,homepage,openalex_hit
2606.08347,,,,,,,https://arxiv.org/pdf/2606.08347,,,,1
2210.15379,,,,,,,https://arxiv.org/pdf/2210.15379,,,,1
2405.14377,,,,,,,https://arxiv.org/pdf/2405.14377,https://github.com/ziyangjoy/CoMERA,text,,1
2306.02697,,,,,,,https://arxiv.org/pdf/2306.02697,,,,1
2503.05431,,,,,,,https://arxiv.org/pdf/2503.05431,,,,1
2506.09105,,,,,,,https://arxiv.org/pdf/2506.09105,,,,1
2412.20891,,,,,,,https://arxiv.org/pdf/2412.20891,,,,1
2406.00132,6,10.52202/079017-2928,,,https://doi.org/10.52202/079017-2928,proceedings.com,https://arxiv.org/pdf/2406.00132,,,,1
2408.01008,,,,,,,https://arxiv.org/pdf/2408.01008,,,,1
2402.11417,,,,,,,https://arxiv.org/pdf/2402.11417,,,,1
2410.04060,,,,,,,https://arxiv.org/pdf/2410.04060,,,,1
2402.01376,,,,,,,https://arxiv.org/pdf/2402.01376,,,,1
2212.10650,,,,,,,https://arxiv.org/pdf/2212.10650,,,,1
2501.15674,,,,,,,https://arxiv.org/pdf/2501.15674,https://github.com/guyuxuan9/TensorLLM,text,,1
2505.18413,,,,,,,https://arxiv.org/pdf/2505.18413,,,,1
2401.16367,,,,,,,https://arxiv.org/pdf/2401.16367,,,,1
2110.08152,,,,,,,https://arxiv.org/pdf/2110.08152,,,,1
2603.30033,,,,,,,https://arxiv.org/pdf/2603.30033,,,,1
2405.12591,,,,,,,https://arxiv.org/pdf/2405.12591,,,,1
2602.01322,,,,,,,https://arxiv.org/pdf/2602.01322,https://github.com/pakoromilas/PolySAE,text,,1
2410.08417,,,,,,,https://arxiv.org/pdf/2410.08417,,,,1
2402.01790,,,,,,,https://arxiv.org/pdf/2402.01790,,,,1
2501.06663,,,,,,,https://arxiv.org/pdf/2501.06663,,,,1
2601.19694,,,,,,,https://arxiv.org/pdf/2601.19694,,,,1
2409.07953,,,"Transactions on Machine Learning Research, 2025",,,,https://arxiv.org/pdf/2409.07953,,,,1
2606.01540,,,,,,,https://arxiv.org/pdf/2606.01540,,,,1
2405.04671,,,,,,,https://arxiv.org/pdf/2405.04671,,,,1
1909.11874,,,,,,,https://arxiv.org/pdf/1909.11874,,,,1
1806.00064,,,,,,,https://arxiv.org/pdf/1806.00064,,,,1
1705.06676,,,,,,,https://arxiv.org/pdf/1705.06676,,,,1
1707.07250,,,,,,,https://arxiv.org/pdf/1707.07250,,,,1
1606.01847,,,,,,,https://arxiv.org/pdf/1606.01847,,,,1
1806.05952,178,10.1109/tvcg.2019.2904063,IEEE Transactions on Visualization and Computer Graphics,,https://doi.org/10.1109/tvcg.2019.2904063,ieeexplore.ieee.org,https://arxiv.org/pdf/1806.05952,,,,1
1605.06391,,,,,,,https://arxiv.org/pdf/1605.06391,,,,1
2304.01996,,,,,,,https://arxiv.org/pdf/2304.01996,,,,1
2205.15307,,,,,,,https://arxiv.org/pdf/2205.15307,,,,1
1906.06196,,,,,,,https://arxiv.org/pdf/1906.06196,,,,1
2406.05045,,,,,,,https://arxiv.org/pdf/2406.05045,,,,1
2104.05758,,,,,,,https://arxiv.org/pdf/2104.05758,,,,1
1705.10142,,,,,,,https://arxiv.org/pdf/1705.10142,,,,1
2310.10699,,,,,,,https://arxiv.org/pdf/2310.10699,,,,1
2205.10036,,,,,,,https://arxiv.org/pdf/2205.10036,https://github.com/twinkle0331/Xcompression,text,,1
2205.11691,,,,,,,https://arxiv.org/pdf/2205.11691,,,,1
2206.10581,,,,,,,https://arxiv.org/pdf/2206.10581,,,,1
1603.00162,,,"Proceedings of The 33rd International Conference on Machine Learning, pp. 955-963, 2016",,,,https://arxiv.org/pdf/1603.00162,,,,1
1509.05009,,,"29th Annual Conference on Learning Theory, pp. 698-728, 2016",,,,https://arxiv.org/pdf/1509.05009,,,,1
2107.03436,188,10.1109/jproc.2021.3074329,Proceedings of the IEEE,,https://doi.org/10.1109/jproc.2021.3074329,ieeexplore.ieee.org,https://arxiv.org/pdf/2107.03436,,,,1
2206.06597,,,,,,,https://arxiv.org/pdf/2206.06597,,,,1
2205.12961,,,,,,,https://arxiv.org/pdf/2205.12961,,,,1
2204.09052,,,,,,,https://arxiv.org/pdf/2204.09052,,,,1
2501.06300,0,10.21468/SciPostPhysCore.8.4.095,"SciPost Phys. Core 8, 095 (2025)",,https://doi.org/10.21468/SciPostPhysCore.8.4.095,scipost.org,https://arxiv.org/pdf/2501.06300,https://github.com/joserapa98/tensorization-nns,text,,1
2506.00102,2,10.1088/2632-2153/ae0243,Machine Learning Science and Technology,,https://doi.org/10.1088/2632-2153/ae0243,iopscience.iop.org,https://arxiv.org/pdf/2506.00102,,,,1
1808.07452,149,10.1137/18m1203626,SIAM Review,,https://doi.org/10.1137/18m1203626,epubs.siam.org,https://arxiv.org/pdf/1808.07452,,,,1
1505.03027,,,,,,,https://arxiv.org/pdf/1505.03027,,,,1
1708.00006,,,,,,,https://arxiv.org/pdf/1708.00006,,,,1
doi:10.18653/v1/2022.emnlp-main.475,3,10.18653/v1/2022.emnlp-main.475,,,https://doi.org/10.18653/v1/2022.emnlp-main.475,aclanthology.org,,,,,1
doi:10.1109/tnnls.2025.3609797,8,10.1109/tnnls.2025.3609797,IEEE Transactions on Neural Networks and Learning Systems,IEEE Transactions on Neural Networks and Learning Systems,https://doi.org/10.1109/tnnls.2025.3609797,ieeexplore.ieee.org,,,,,1
doi:10.1145/3543507.3583226,9,10.1145/3543507.3583226,,,https://doi.org/10.1145/3543507.3583226,dl.acm.org,,,,,1
doi:10.1109/tkde.2022.3142179,49,10.1109/tkde.2022.3142179,IEEE Transactions on Knowledge and Data Engineering,IEEE Transactions on Knowledge and Data Engineering,https://doi.org/10.1109/tkde.2022.3142179,ieeexplore.ieee.org,,,,,1
doi:10.1103/prxquantum.4.010317,37,10.1103/prxquantum.4.010317,PRX Quantum,PRX Quantum,https://doi.org/10.1103/prxquantum.4.010317,link.aps.org,,,,,1
doi:10.1609/aaai.v40i31.39840,,10.1609/aaai.v40i31.39840,Proceedings of the AAAI Conference on Artificial Intelligence,Proceedings of the AAAI Conference on Artificial Intelligence,https://doi.org/10.1609/aaai.v40i31.39840,ojs.aaai.org,,,,,1
doi:10.1609/aaai.v33i01.33019151,182,10.1609/aaai.v33i01.33019151,Proceedings of the AAAI Conference on Artificial Intelligence,Proceedings of the AAAI Conference on Artificial Intelligence,https://doi.org/10.1609/aaai.v33i01.33019151,ojs.aaai.org,,,,,1
doi:10.1103/physrevx.14.011009,28,10.1103/physrevx.14.011009,Physical Review X,Physical Review X,https://doi.org/10.1103/physrevx.14.011009,link.aps.org,,,,,1
