arxiv_id,file,http,bytes,ok
0904.1925,2009_Concatenated_tensor_network_states.pdf,cached,489189,1
1006.3095,2010_Simulating_Strongly_Correlated_Quantum_Systems_wit.pdf,cached,312127,1
1201.3974,2012_Perfect_Sampling_with_Unitary_Tensor_Networks.pdf,cached,580019,1
1302.2298,2013_Efficient_Tree_Tensor_Network_States_TTNS_for_Quan.pdf,cached,1697762,1
1304.6112,2013_Faster_identification_of_optimal_contraction_seque.pdf,cached,811612,1
1307.1522,2013_Global_symmetries_in_tensor_network_states_symmetr.pdf,cached,1073845,1
1310.7605,2013_Fourier_transform_of_fermionic_systems_and_the_spe.pdf,cached,310728,1
1406.2666,2014_Unconstrained_Tree_Tensor_Network_An_adaptive_gaug.pdf,cached,810721,1
1505.03027,2015_Geometric_Structures_in_Tensor_Representations_Fin.pdf,200,631370,1
1509.05009,2015_On_the_Expressive_Power_of_Deep_Learning_A_Tensor_.pdf,200,994505,1
1510.00689,2015_Local_scale_transformations_on_the_lattice_with_te.pdf,cached,2700034,1
1602.07966,2016_Classical_stochastic_dynamics_and_continuous_matri.pdf,cached,399950,1
1603.00162,2016_Convolutional_Rectifier_Networks_as_Generalized_Te.pdf,200,1452926,1
1605.05775,2016_Supervised_Learning_with_Quantum_Inspired_Tensor_N.pdf,cached,1794950,1
1605.06391,2016_Deep_Multi_task_Representation_Learning_A_Tensor_F.pdf,200,531427,1
1606.01847,2016_Multimodal_Compact_Bilinear_Pooling_for_Visual_Que.pdf,200,4044400,1
1705.06676,2017_MUTAN_Multimodal_Tucker_Fusion_for_Visual_Question.pdf,200,6405015,1
1705.10142,2017_Kronecker_Recurrent_Units.pdf,200,653615,1
1705.10186,2017_Implementing_the_sine_transform_of_fermionic_modes.pdf,cached,697173,1
1707.07250,2017_Tensor_Fusion_Network_for_Multimodal_Sentiment_Ana.pdf,200,558165,1
1708.00006,2017_Tensor_Networks_in_a_Nutshell.pdf,200,1374029,1
1710.07324,2017_Scalable_Gaussian_Processes_with_Billions_of_Induc.pdf,cached,733369,1
1711.00811,2017_Expressive_power_of_recurrent_neural_networks.pdf,cached,938473,1
1711.03357,2017_Compact_Neural_Networks_based_on_the_Multiscale_En.pdf,cached,282595,1
1712.05134,2017_Learning_Compact_Recurrent_Neural_Networks_with_Bl.pdf,cached,1293565,1
1712.05689,2017_BT_Nets_Simplifying_Deep_Neural_Networks_via_Block.pdf,cached,555427,1
1802.10410,2018_Tensor_Decomposition_for_Compressing_Recurrent_Neu.pdf,cached,369675,1
1803.11537,2018_Towards_Quantum_Machine_Learning_with_Tensor_Netwo.pdf,cached,2436576,1
1804.02398,2018_Quantum_Machine_Learning_Tensor_Network_States.pdf,cached,381227,1
1804.04168,2018_Differentiable_Learning_of_Quantum_Circuit_Born_Ma.pdf,cached,547044,1
1805.12524,2018_Tensor_networks_as_conformal_transformations.pdf,cached,736244,1
1806.00064,2018_Efficient_Low_rank_Multimodal_Fusion_with_Modality.pdf,200,450698,1
1806.05952,2019_TTHRESH_Tensor_Compression_for_Multidimensional_Vi.pdf,200,10287682,1
1807.07099,2018_Comparative_study_of_Discrete_Wavelet_Transforms_a.pdf,cached,909797,1
1808.07452,2020_Generalized_Canonical_Polyadic_Tensor_Decompositio.pdf,200,8362005,1
1812.01171,2018_Beyond_Toy_Models_Distilling_Tensor_Networks_in_Fu.pdf,cached,1019919,1
1812.02622,2018_Convolutional_Neural_Networks_with_Transformed_Inp.pdf,cached,2369110,1
1901.07448,2019_Matrix_Product_States_Entanglement_symmetries_and_.pdf,cached,437051,1
1901.10787,2019_Tensorized_Embedding_Layers_for_Efficient_Model_Co.pdf,cached,1486650,1
1903.09650,2019_Differentiable_Programming_Tensor_Networks.pdf,cached,1435608,1
1904.02214,2019_The_Born_Supremacy_Quantum_Advantage_and_Training_.pdf,cached,8132558,1
1905.01330,2019_TensorNetwork_A_Library_for_Physics_and_Machine_Le.pdf,cached,644467,1
1906.06196,2019_Factorized_Higher_Order_CNNs_with_an_Application_t.pdf,200,3810178,1
1906.06329,2019_TensorNetwork_for_Machine_Learning.pdf,cached,494948,1
1906.10155,2019_Machine_Learning_Phase_Transitions_with_a_Quantum_.pdf,cached,784266,1
1906.10175,2019_Machine_learning_methods_in_quantum_computing_theo.pdf,cached,1149425,1
1907.01384,2019_A_machine_learning_approach_to_dynamical_propertie.pdf,cached,1275254,1
1907.10290,2019_Quantum_Compressed_Sensing_with_Unsupervised_Tenso.pdf,cached,1737775,1
1908.10778,2019_Classical_versus_Quantum_Models_in_Machine_Learnin.pdf,cached,4653226,1
1909.11874,2019_Compact_Trilinear_Interaction_for_Visual_Question_.pdf,200,1124606,1
1909.13831,2019_Computing_vibrational_eigenstates_with_tree_tensor.pdf,cached,2273507,1
1912.12923,2019_Bayesian_Tensor_Network_with_Polynomial_Complexity.pdf,cached,1411387,1
2001.04029,2020_Tangent_Space_Gradient_Optimization_of_Tensor_Netw.pdf,cached,447384,1
2002.00544,2020_Tensor_to_Vector_Regression_for_Multi_channel_Spee.pdf,cached,582842,1
2003.08551,2020_Experimental_realization_of_a_quantum_image_classi.pdf,cached,5382078,1
2003.08729,2020_Dynamic_Spatiotemporal_Graph_Neural_Network_with_T.pdf,cached,452282,1
2004.11038,2020_Tensor_network_based_machine_learning_of_non_Marko.pdf,cached,1257060,1
2004.13747,2020_Quantum_inspired_Machine_Learning_on_high_energy_p.pdf,cached,840288,1
2005.09428,2020_Quantum_Classical_Machine_learning_by_Hybrid_Tenso.pdf,cached,1486090,1
2006.10619,2020_Tensor_Decompositions_in_Recursive_Neural_Networks.pdf,cached,445137,1
2006.15938,2020_Hybrid_Tensor_Decomposition_in_Neural_Network_Comp.pdf,cached,1053310,1
2007.00017,2020_Dynamic_Portfolio_Optimization_with_Real_Datasets_.pdf,cached,1536727,1
2007.06968,2020_Deep_composition_of_tensor_trains_using_squared_in.pdf,cached,992359,1
2008.00691,2020_Quantum_versus_Classical_Generative_Modelling_in_F.pdf,cached,1894432,1
2008.11414,2020_Low_Tensor_Train_and_Low_Multilinear_Rank_Approxim.pdf,cached,860701,1
2009.08727,2020_Recurrent_Graph_Tensor_Networks_A_Low_Complexity_F.pdf,cached,599151,1
2010.00520,2020_On_the_Compression_of_Translation_Operator_Tensors.pdf,cached,1709909,1
2010.04196,2020_A_Fully_Tensorized_Recurrent_Neural_Network.pdf,cached,480235,1
2010.08689,2020_Towards_Compact_Neural_Networks_via_End_to_End_Tra.pdf,cached,909426,1
2010.10029,2020_Connecting_Weighted_Automata_Tensor_Networks_and_R.pdf,cached,825657,1
2011.00904,2020_A_Continuous_Variable_Born_Machine.pdf,cached,1123239,1
2012.12953,2020_Ranks_of_Tensor_Networks_for_Eigenspace_Projection.pdf,cached,311852,1
2101.03154,2021_Quantum_Tensor_Network_in_Machine_Learning_An_Appl.pdf,cached,747836,1
2101.06250,2021_GEO_Enhancing_Combinatorial_Optimization_with_Clas.pdf,cached,1963448,1
2102.01828,2021_Analyzing_the_barren_plateau_phenomenon_in_trainin.pdf,cached,1603629,1
2103.05545,2021_Tree_tensor_network_real_time_multiorbital_impurit.pdf,cached,2128167,1
2104.05018,2021_TedNet_A_Pytorch_Toolkit_for_Tensor_Decomposition_.pdf,cached,333178,1
2104.05758,2021_Towards_Extremely_Compact_RNNs_for_Video_Recogniti.pdf,200,699787,1
2104.13436,2021_Active_learning_of_tree_tensor_networks_using_opti.pdf,cached,528247,1
2105.04983,2021_Tensor_Train_Recurrent_Neural_Networks_for_Interpr.pdf,cached,2256993,1
2106.05742,2021_Matrix_Product_State_Pre_Training_for_Quantum_Mach.pdf,cached,977688,1
2107.03436,2021_Tensor_Methods_in_Computer_Vision_and_Deep_Learnin.pdf,200,5469302,1
2108.00031,2021_On_the_closedness_and_geometry_of_tensor_network_s.pdf,cached,1132859,1
2108.04029,2021_Tensor_Yard_One_Shot_Algorithm_of_Hardware_Friendl.pdf,cached,827099,1
2108.08312,2021_The_Presence_and_Absence_of_Barren_Plateaus_in_Ten.pdf,cached,3237990,1
2109.06315,2021_Generative_Quantum_Learning_of_Joint_Probability_D.pdf,cached,975333,1
2109.14710,2021_Convolutional_Neural_Network_Compression_through_G.pdf,cached,2263878,1
2109.15200,2021_Semi_tensor_Product_based_TensorDecomposition_for_.pdf,cached,646082,1
2110.03861,2021_QTN_VQC_An_End_to_End_Learning_framework_for_Quant.pdf,cached,862760,1
2110.04253,2021_F_Divergences_and_Cost_Function_Locality_in_Genera.pdf,cached,3079611,1
2110.08152,2021_Kronecker_Decomposition_for_GPT_Compression.pdf,200,143688,1
2111.02457,2021_Symmetries_and_local_transformations_of_translatio.pdf,cached,1049816,1
2111.14046,2021_Neural_Tangent_Kernel_of_Matrix_Product_States_Con.pdf,cached,443971,1
2112.01474,2021_Approximation_by_tree_tensor_networks_in_high_dime.pdf,cached,410468,1
2112.02655,2021_Quantum_Machine_Learning_for_Radio_Astronomy.pdf,cached,2481496,1
2112.05326,2021_Born_Machines_for_Periodic_and_Open_XY_Quantum_Spi.pdf,cached,2821435,1
2112.10239,2021_TensorLy_Quantum_Quantum_Machine_Learning_with_Ten.pdf,cached,776571,1
2201.03531,2022_Using_tensor_network_states_for_multi_particle_Bro.pdf,cached,2908536,1
2201.04107,2022_Computing_time_periodic_steady_state_currents_via_.pdf,cached,966002,1
2201.08770,2022_Generalization_Metrics_for_Practical_Quantum_Advan.pdf,cached,5325862,1
2202.09925,2022_Tuning_the_entanglement_growth_in_matrix_product_s.pdf,cached,478030,1
2202.12319,2022_Privacy_preserving_machine_learning_with_tensor_ne.pdf,cached,890691,1
2203.03366,2022_Improvements_to_Gradient_Descent_Methods_for_Quant.pdf,cached,646358,1
2203.06031,2022_Exploiting_Low_Rank_Tensor_Train_Deep_Neural_Netwo.pdf,cached,4673477,1
2203.15246,2022_A_quantum_inspired_tensor_network_method_for_const.pdf,cached,1316788,1
2203.17089,2022_Quantum_Aided_Meta_Learning_for_Bayesian_Binary_Ne.pdf,cached,824902,1
2204.09052,2022_Optimizing_Tensor_Network_Contraction_Using_Reinfo.pdf,200,1025167,1
2205.04730,2022_Power_of_Quantum_Generative_Learning.pdf,cached,10093473,1
2205.04878,2022_Hybrid_quantum_ResNet_for_car_classification_and_i.pdf,cached,7803580,1
2205.09414,2022_Machine_learning_applications_for_noisy_intermedia.pdf,cached,11259866,1
2205.10036,2022_Exploring_Extreme_Parameter_Compression_for_Pre_tr.pdf,200,1176209,1
2205.11691,2022_High_Order_Pooling_for_Graph_Neural_Networks_with_.pdf,200,1588448,1
2205.12961,2022_Position_Tensor_Networks_are_a_Valuable_Asset_for_.pdf,200,1101773,1
2205.15296,2022_Tensor_Network_States_with_Low_Rank_Tensors.pdf,cached,846382,1
2205.15307,2022_A_Unified_Weight_Initialization_Paradigm_for_Tenso.pdf,200,2618729,1
2206.01273,2022_Reconstructing_Quantum_States_Using_Basis_Enhanced.pdf,cached,6832212,1
2206.02171,2022_Near_Term_Advances_in_Quantum_Natural_Language_Pro.pdf,cached,1250971,1
2206.03066,2022_Recent_Advances_for_Quantum_Neural_Networks_in_Gen.pdf,cached,1990568,1
2206.06597,2022_Permutation_Search_of_Tensor_Network_Structures_vi.pdf,200,4269540,1
2206.10581,2022_Nimble_GNN_Embedding_with_Tensor_Train_Decompositi.pdf,200,1073197,1
2207.02851,2022_Tensor_networks_in_machine_learning.pdf,cached,240866,1
2207.06031,2022_Unsupervised_Recognition_of_Informative_Features_v.pdf,cached,5710815,1
2207.07417,2022_Near_Linear_Time_and_Fixed_Parameter_Tractable_Alg.pdf,cached,1377998,1
2207.11173,2022_Verifying_Fairness_in_Quantum_Machine_Learning.pdf,cached,806924,1
2207.13645,2022_Do_Quantum_Circuit_Born_Machines_Generalize.pdf,cached,2430463,1
2208.00164,2022_Distilled_Low_Rank_Neural_Radiance_Field_with_Quan.pdf,cached,21926954,1
2208.04372,2022_Generalization_and_Overfitting_in_Matrix_Product_S.pdf,cached,697024,1
2209.01195,2022_Decohering_Tensor_Network_Quantum_Machine_Learning.pdf,cached,2078205,1
2209.02964,2022_Quaternion_Tensor_Train_Rank_Minimization_with_Spa.pdf,cached,2032913,1
2209.11058,2022_A_practical_overview_of_image_classification_with_.pdf,cached,1745973,1
2209.12332,2022_On_the_Optimal_Linear_Contraction_Order_of_Tree_Te.pdf,cached,1050656,1
2210.08399,2022_Tensor_Train_Compression_of_Discrete_Element_Metho.pdf,cached,2858485,1
2210.11130,2022_Investigating_Quantum_Many_Body_Systems_with_Tenso.pdf,cached,4141001,1
2210.15379,2022_MorphTE_Injecting_Morphology_in_Tensorized_Embeddi.pdf,200,1693731,1
2211.10418,2022_Sample_efficient_Quantum_Born_Machine_through_Codi.pdf,cached,10299424,1
2212.10421,2022_Tensor_network_assisted_variational_quantum_algori.pdf,cached,1179447,1
2212.10650,2022_KronA_Parameter_Efficient_Tuning_with_Kronecker_Ad.pdf,200,682182,1
2301.07528,2023_Quantum_inspired_tensor_network_for_Earth_science.pdf,cached,1668416,1
2301.09363,2023_A_performance_characterization_of_quantum_generati.pdf,cached,6411996,1
2302.03886,2023_Approximately_Optimal_Core_Shapes_for_Tensor_Decom.pdf,cached,1186570,1
2303.06340,2023_Intelligent_diagnostic_scheme_for_lung_cancer_scre.pdf,cached,11198984,1
2303.06815,2023_On_Model_Compression_for_Neural_Networks_Framework.pdf,cached,2649778,1
2303.11735,2023_Tensor_networks_for_quantum_machine_learning.pdf,cached,324262,1
2303.15626,2023_A_Framework_for_Demonstrating_Practical_Quantum_Ad.pdf,cached,2760335,1
2303.16214,2023_Tetra_AML_Automatic_Machine_Learning_via_Tensor_Ne.pdf,cached,15476016,1
2303.16955,2023_Quantum_Generative_Modeling_using_Parameterized_Qu.pdf,cached,375393,1
2304.01751,2023_Simulating_the_quantum_Fourier_transform_Grover_s_.pdf,cached,4660858,1
2304.01996,2023_ANTN_Bridging_Autoregressive_Neural_Networks_and_T.pdf,200,686542,1
2304.03606,2023_Deep_Ising_Born_Machine.pdf,cached,2706834,1
2304.05342,2023_TT_SDF2PC_Registration_of_Point_Cloud_and_Compress.pdf,cached,2907093,1
2305.03160,2023_Efficient_tensor_network_simulation_for_the_few_at.pdf,cached,1640687,1
2306.02697,2023_Efficient_GPT_Model_Pre_training_using_Tensor_Trai.pdf,200,326087,1
2306.03741,2023_Pre_training_Tensor_Train_Networks_Facilitates_Mac.pdf,cached,1030778,1
2306.08595,2023_TensorKrowch_Smooth_integration_of_tensor_networks.pdf,cached,815871,1
2307.03292,2023_Identifying_overparameterization_in_Quantum_Circui.pdf,cached,878838,1
2307.06937,2023_Dequantizing_quantum_machine_learning_models_using.pdf,cached,2542437,1
2308.06900,2023_Efficient_Quantum_Mixed_State_Tomography_with_Unsu.pdf,cached,2631488,1
2308.08448,2023_Implementing_Quantum_Generative_Adversarial_Networ.pdf,cached,587715,1
2308.11269,2023_Quantum_Inspired_Machine_Learning_a_Survey.pdf,cached,2087382,1
2309.06577,2023_Efficient_Finite_Initialization_with_Partial_Norms.pdf,cached,691103,1
2309.10310,2023_TensorCodec_Compact_Lossy_Compression_of_Tensors_w.pdf,cached,1733543,1
2309.15761,2023_Density_matrix_representation_of_hybrid_tensor_net.pdf,cached,2990791,1
2310.10699,2023_Reusing_Pretrained_Models_by_Multi_linear_Operator.pdf,200,1253913,1
2311.01960,2023_Hardness_of_Low_Rank_Approximation_of_Entrywise_Tr.pdf,cached,254349,1
2311.11091,2023_Deep_Tensor_Network.pdf,cached,406595,1
2311.17798,2023_Adaptive_Circuit_Learning_of_Born_Machine_Towards_.pdf,cached,3002041,1
2312.12556,2023_Tensor_Train_Decomposition_for_Adversarial_Attacks.pdf,cached,6589110,1
2312.16432,2023_Derivation_of_Hamiltonians_from_time_propagations_.pdf,cached,2444288,1
2401.08001,2024_TT_SNN_Tensor_Train_Decomposition_for_Efficient_Sp.pdf,cached,1221169,1
2401.10748,2023_Fast_gradient_free_activation_maximization_for_neu.pdf,cached,11952408,1
2401.16367,2024_TQCompressor_improving_tensor_decomposition_method.pdf,200,484701,1
2402.01376,2024_LoTR_Low_Tensor_Rank_Weight_Adaptation.pdf,200,517624,1
2402.01790,2024_An_introduction_to_graphical_tensor_notation_for_m.pdf,200,7699639,1
2402.06455,2024_Quantum_Computing_and_Tensor_Networks_for_Laminate.pdf,cached,2354467,1
2402.11417,2024_LoRETTA_Low_Rank_Economic_Tensor_Train_Adaptation_.pdf,200,715524,1
2402.11740,2024_Extraction_of_nonlinearity_in_neural_networks_with.pdf,cached,2551522,1
2403.10481,2024_Tensor_Star_Tensor_Decomposition_and_Its_Applicati.pdf,cached,1624104,1
2403.12969,2024_Entangling_Machine_Learning_with_Quantum_Tensor_Ne.pdf,cached,1137972,1
2404.03182,2024_Direct_interpolative_construction_of_the_discrete_.pdf,cached,701072,1
2404.05784,2024_Hybrid_Tree_Tensor_Networks_for_quantum_simulation.pdf,cached,1262634,1
2404.11715,2024_Entanglement_Renormalization_for_Quantum_Field_The.pdf,cached,2089185,1
2404.16580,2024_An_Efficient_Two_Sided_Sketching_Method_for_Large_.pdf,cached,3017131,1
2405.02277,2024_Error_mitigated_photonic_quantum_circuit_Born_mach.pdf,cached,638726,1
2405.02630,2024_Validating_Large_Scale_Quantum_Machine_Learning_Ef.pdf,cached,8990079,1
2405.04671,2024_Interpretable_Tensor_Fusion.pdf,200,763795,1
2405.09952,2024_Low_rank_Tree_Tensor_Network_Operators_for_Long_Ra.pdf,cached,344109,1
2405.12301,2024_Tensor_Train_WENO_Scheme_for_Compressible_Flows.pdf,cached,1422479,1
2405.12591,2024_Unlocking_Data_free_Low_bit_Quantization_with_Matr.pdf,200,495014,1
2405.14072,2024_Problem_informed_Graphical_Quantum_Generative_Lear.pdf,cached,1475428,1
2405.14377,2024_CoMERA_Computing_and_Memory_Efficient_Training_via.pdf,200,2467968,1
2406.00132,2024_QuanTA_Efficient_High_Rank_Fine_Tuning_of_LLMs_wit.pdf,200,837314,1
2406.05045,2024_A_Tensor_Decomposition_Perspective_on_Second_order.pdf,200,2268009,1
2406.09769,2024_Approximate_Contraction_of_Arbitrary_Tensor_Networ.pdf,cached,3608614,1
2407.07242,2024_Tensor_network_approximation_of_Koopman_operators.pdf,cached,3210828,1
2407.13249,2024_PyTreeNet_A_Python_Library_for_easy_Utilisation_of.pdf,cached,922454,1
2407.13533,2024_VeriQR_A_Robustness_Verification_Tool_for_Quantum_.pdf,cached,1648318,1
2408.01008,2024_Tensor_Train_Low_rank_Approximation_TT_LoRA_Democr.pdf,200,2807501,1
2408.13101,2024_Functional_Tensor_Decompositions_for_Physics_Infor.pdf,cached,1647893,1
2409.07953,2024_What_is_the_Relationship_between_Tensor_Factorizat.pdf,200,2230807,1
2409.16346,2024_Scalable_quantum_dynamics_compilation_via_quantum_.pdf,cached,2481392,1
2410.04060,2024_LoRTA_Low_Rank_Tensor_Adaptation_of_Large_Language.pdf,200,816352,1
2410.04462,2024_Tensor_Train_Point_Cloud_Compression_and_Efficient.pdf,cached,1201826,1
2410.08417,2024_Bilinear_MLPs_enable_weight_based_mechanistic_inte.pdf,200,2553804,1
2410.09703,2024_Universal_scaling_laws_in_quantum_probabilistic_ma.pdf,cached,3957843,1
2410.10728,2024_Towards_LLM_guided_Efficient_and_Interpretable_Mul.pdf,cached,396127,1
2410.11785,2024_On_the_learning_abilities_of_photonic_continuous_v.pdf,cached,1598931,1
2410.21417,2024_Nearly_tight_bounds_for_testing_tree_tensor_networ.pdf,cached,890092,1
2412.00858,2024_A_parallel_Basis_Update_and_Galerkin_Integrator_fo.pdf,cached,896351,1
2412.00923,2024_Fractal_decompositions_and_tensor_network_represen.pdf,cached,2778510,1
2412.05674,2024_No_Free_Lunch_Theories_for_Tensor_Network_Machine_.pdf,cached,2661886,1
2412.06111,2024_Randomized_algorithms_for_streaming_low_rank_appro.pdf,cached,366352,1
2412.12067,2024_The_State_Preparation_of_Multivariate_Normal_Distr.pdf,cached,1003536,1
2412.20891,2024_DoTA_Weight_Decomposed_Tensor_Adaptation_for_Large.pdf,200,1595278,1
2501.06300,2025_Tensorization_of_neural_networks_for_improved_priv.pdf,200,974434,1
2501.06663,2025_Ultra_Memory_Efficient_On_FPGA_Training_of_Transfo.pdf,200,3066086,1
2501.08727,2025_Transformed_Low_rank_Adaptation_via_Tensor_Decompo.pdf,cached,42236976,1
2501.15674,2025_TensorLLM_Tensorising_Multi_Head_Attention_for_Enh.pdf,200,880752,1
2501.19135,2025_A_Tensor_Train_Decomposition_based_Compression_of_.pdf,cached,515877,1
2502.12384,2025_Scalable_Back_Propagation_Free_Training_of_Optical.pdf,cached,2456340,1
2502.13090,2025_tn4ml_Tensor_Network_Training_and_Customization_fo.pdf,cached,6762725,1
2503.05431,2025_Quantum_PEFT_Ultra_parameter_efficient_fine_tuning.pdf,200,960481,1
2503.10483,2025_Grokking_as_an_entanglement_transition_in_tensor_n.pdf,cached,16348956,1
2503.12790,2025_Quantum_Enhanced_LLM_Efficient_Fine_Tuning.pdf,cached,539817,1
2503.15460,2025_pyTTN_An_Open_Source_Toolbox_for_Open_and_Closed_S.pdf,cached,2276384,1
2504.06474,2025_FETTA_Flexible_and_Efficient_Hardware_Accelerator_.pdf,cached,2969655,1
2505.00126,2025_Tree_tensor_network_hierarchical_equations_of_moti.pdf,cached,1363153,1
2505.03399,2025_Typical_Machine_Learning_Datasets_as_Low_Depth_Qua.pdf,cached,2503800,1
2505.07612,2025_Time_evolution_of_the_quantum_Ising_model_in_two_d.pdf,cached,1631602,1
2505.18413,2025_LatentLLM_Attention_Aware_Joint_Tensor_Compression.pdf,200,9982423,1
2505.23537,2025_Domain_Aware_Tensor_Network_Structure_Search.pdf,cached,3888358,1
2506.00102,2025_Tensor_Network_for_Anomaly_Detection_in_the_Latent.pdf,200,19123523,1
2506.05477,2025_Compression_simulation_and_synthesis_of_turbulent_.pdf,cached,2434443,1
2506.09105,2025_MetaTT_A_Global_Tensor_Train_Adapter_for_Parameter.pdf,200,2404828,1
2506.11711,2025_Knapsack_and_Shortest_Path_Problems_Generalization.pdf,cached,498875,1
2506.14569,2025_Enhancing_Symbolic_Machine_Learning_by_Subsymbolic.pdf,cached,955716,1
2506.22340,2025_QuKAN_A_Quantum_Circuit_Born_Machine_approach_to_Q.pdf,cached,27740711,1
2506.23560,2025_Tensor_Train_Quantum_State_Tomography_using_Compre.pdf,cached,453538,1
2507.01235,2025_Quantum_Machine_Learning_in_Transportation_A_Case_.pdf,cached,3492935,1
2507.05222,2025_Quantum_Inspired_Tensor_Network_Fractional_Step_Me.pdf,cached,3470551,1
2507.21726,2025_Riemannian_Optimization_on_Tree_Tensor_Networks_wi.pdf,cached,2577539,1
2508.00024,2025_Embedding_Aware_Quantum_Classical_SVMs_for_Scalabl.pdf,cached,1918087,1
2508.00048,2025_Dimension_reduction_with_structure_aware_quantum_c.pdf,cached,3149642,1
2509.03234,2025_TeRA_Vector_based_Random_Tensor_Network_for_High_R.pdf,cached,658819,1
2509.05051,2025_QCA_MolGAN_Quantum_Circuit_Associative_Molecular_G.pdf,cached,1351722,1
2509.08385,2025_LLM_Guided_Ans_tze_Design_for_Quantum_Circuit_Born.pdf,cached,830263,1
2509.09463,2025_Minimality_of_Tree_Tensor_Network_Ranks.pdf,cached,399041,1
2509.20105,2025_PEPS_Quantum_Inspired_Reinforcement_Learning_for_C.pdf,cached,876856,1
2510.08476,2025_Universality_and_kernel_adaptive_training_for_clas.pdf,cached,825870,1
2510.11773,2025_Qiboml_towards_the_orchestration_of_quantum_classi.pdf,cached,2187969,1
2510.13386,2025_Functional_tensor_train_neural_network_for_solving.pdf,cached,4067588,1
2510.14099,2025_A_review_of_quantum_machine_learning_and_quantum_i.pdf,cached,7320175,1
2510.15366,2025_Sequence_Modeling_with_Spectral_Mean_Flows.pdf,cached,2172725,1
2511.01845,2025_The_Born_Ultimatum_Conditions_for_Classical_Surrog.pdf,cached,3268487,1
2511.02413,2025_Quantum_Circuit_Implementation_of_Two_Matrix_Produ.pdf,cached,377921,1
2511.11346,2025_Fast_and_Expressive_Multi_Byte_Prediction_with_Pro.pdf,cached,1159373,1
2512.15875,2025_Tree_Tensor_Networks_Methods_for_Efficient_Calcula.pdf,cached,528850,1
2512.18059,2025_Approximation_and_learning_with_compositional_tens.pdf,cached,1454190,1
2512.18995,2025_DeepQuantum_A_PyTorch_based_Software_Platform_for_.pdf,cached,2986833,1
2512.22672,2025_Quantum_Generative_Models_for_Computational_Fluid_.pdf,cached,1046055,1
2601.03035,2026_Who_can_compete_with_quantum_computers_Lecture_not.pdf,cached,3482609,1
2601.10194,2026_Autonomous_Quantum_Simulation_through_Large_Langua.pdf,cached,2345566,1
2601.12375,2026_LiQSS_Post_Transformer_Linear_Quantum_Inspired_Sta.pdf,cached,3585200,1
2601.19650,2026_Efficient_Application_of_Tensor_Network_Operators_.pdf,cached,757568,1
2601.19694,2026_Self_Supervised_Weight_Templates_for_Scalable_Visi.pdf,200,2639634,1
2601.20026,2026_Semantic_Uncertainty_Quantification_of_Hallucinati.pdf,cached,6121638,1
2602.01322,2026_PolySAE_Modeling_Feature_Interactions_in_Sparse_Au.pdf,200,718604,1
2602.01996,2026_Optimizing_Tensor_Train_Decomposition_in_DNNs_for_.pdf,cached,3964257,1
2602.11042,2026_Characterizing_Trainability_of_Instantaneous_Quant.pdf,cached,442514,1
2602.15906,2026_Quantum_Inspired_Tensor_Networks_for_Approximating.pdf,cached,956314,1
2602.17281,2026_Quantum_Scrambling_Born_Machine.pdf,cached,3645944,1
2602.20175,2026_Tensor_Network_Generator_Enhanced_Optimization_for.pdf,cached,1029013,1
2603.09789,2026_A_Hybrid_Quantum_Circuit_Born_Machine_Framework_fo.pdf,cached,1399815,1
2603.11014,2026_Universality_of_Classically_Trainable_Quantum_Depl.pdf,cached,447636,1
2603.11658,2026_Coupling_Tensor_Trains_with_Graph_of_Convex_Sets_E.pdf,cached,3760874,1
2603.12851,2026_Continuous_unitary_transformations_using_tensor_ne.pdf,cached,761114,1
2603.14576,2026_IQP_Born_Machines_under_Data_dependent_and_Agnosti.pdf,cached,3373602,1
2603.17711,2026_TENSO_Software_Package_for_Numerically_Exact_Open_.pdf,cached,1749851,1
2603.23106,2026_High_Resolution_Tensor_Network_Fourier_Methods_for.pdf,cached,1241882,1
2603.23407,2026_Encoding_Numerical_Data_for_Generative_Quantum_Mac.pdf,cached,857181,1
2603.24069,2026_Learning_Quantum_Samplers_for_Stochastic_Processes.pdf,cached,2448059,1
2603.27856,2026_Hierarchical_Search_of_Tree_Tensor_Networks_for_Hi.pdf,cached,2953280,1
2603.28065,2026_Quantum_inspired_Tensor_Network_for_QUBO_QUDO_and_.pdf,cached,919766,1
2603.30033,2026_Tucker_Attention_A_generalization_of_approximate_a.pdf,200,2338068,1
2604.05856,2026_Neural_Network_Pruning_via_QUBO_Optimization.pdf,cached,5430120,1
2604.06541,2026_Quantum_Inspired_Tensor_Network_Autoencoders_for_A.pdf,cached,1540500,1
2604.18776,2026_Multiscale_Structural_Reliability_Analysis_in_high.pdf,cached,9986375,1
2604.28008,2026_Compressibility_of_micromagnetic_solutions_in_tens.pdf,cached,4261091,1
2605.01494,2026_Completely_Positive_and_Trace_Preserving_Schemes_w.pdf,cached,2426932,1
2605.10258,2026_Parity_Supervision_as_a_Driver_of_Generalization_i.pdf,cached,1114925,1
2605.19122,2026_Dual_Channel_Tensor_Neural_Networks_Finite_Sample_.pdf,cached,2826395,1
2605.27735,2026_An_IQP_Born_Machine_for_Calorimeter_Image_Generati.pdf,cached,1069723,1
2606.00130,2026_Automatically_Differentiable_Nonlinear_Tensor_Netw.pdf,cached,5369748,1
2606.01540,2026_TN_SHAP_G_Graph_Structured_Tensor_Network_Surrogat.pdf,200,1481814,1
2606.01975,2026_Algorithmic_algorithm_development_with_LLMs_A_Case.pdf,cached,8365582,1
2606.06093,2026_A_tensor_train_multidimensional_inverse_Laplace_tr.pdf,cached,1175996,1
2606.08347,2026_Tensorizing_Engram_Sharing_Latents_Across_N_Gram_E.pdf,200,2120454,1
2606.08565,2026_EinSort_Sorting_is_All_We_Need_for_Tensorizing_LLM.pdf,cached,5271954,1
2606.10179,2026_Trainability_of_IQP_Quantum_Circuit_Born_Machines_.pdf,cached,348696,1
2606.17064,2026_Tensor_network_compression_using_fluid_dynamics_as.pdf,cached,1969908,1
2606.26900,2026_Incremental_Tensor_Train_Compression_from_Streamin.pdf,cached,654351,1
2607.07857,2026_Multi_agent_Autoformalization_of_Tensor_Network_Th.pdf,cached,655115,1
2607.08674,2026_Do_Transformations_Reveal_the_Truth_Generative_Res.pdf,cached,3890942,1
2607.09113,2026_Quantum_Enhanced_Synthetic_Data_Generation_Using_Q.pdf,cached,244216,1
2607.19503,2026_Tensor_Network_Machine_Learning_for_Wildfire_Susce.pdf,cached,9178269,1
2607.28435,2026_Classical_Tensor_Network_and_Quantum_Fourier_Trans.pdf,cached,475188,1
2608.00194,2026_Multiscale_passive_scalar_turbulence_in_a_compress.pdf,cached,1658061,1
2608.07043,2026_Tensor_Network_Kernel_Machines_A_JAX_Framework_for.pdf,cached,891645,1
2608.14169,2026_Classical_Limits_of_Spectral_Filtering_in_Quantum_.pdf,cached,1516340,1
2608.16994,2026_Basis_update_and_Galerkin_time_integration_in_cano.pdf,cached,469278,1
2608.17135,2026_Iterative_tensor_network_transformations_for_eleme.pdf,cached,4155595,1
2608.19071,2026_Equations_of_Tree_Tensor_Network_Varieties.pdf,cached,464148,1
2608.19789,2026_TT_net_Quantum_Inspired_Tensor_Network_Denoising_i.pdf,cached,2255433,1
2608.23366,2026_Transform_Based_Multilinear_Algebra_via_Tensor_Dec.pdf,cached,383813,1
2608.29612,2026_LLMs_Interpret_Embeddings_Organize_Graphs_Emerge_A.pdf,cached,1172003,1
2609.05313,2026_SAR_and_InSAR_Change_Detection_with_Quantum_Genera.pdf,cached,15293255,1
2609.23050,2026_A_Coherent_Memory_Register_for_Sequential_Quantum_.pdf,cached,653969,1
2609.25384,2026_Lattice_in_Line_Optimized_DMRG_ordering_for_comple.pdf,cached,740147,1
2609.28029,2026_Tensor_Decomposition_of_Transformer_Key_Value_Cach.pdf,cached,447052,1
2609.28229,2026_Distilling_Datasets_into_Shallow_Circuits_for_Quan.pdf,cached,634997,1
