row_no,stored_title,stored_year,match,found_arxiv_id,found_title,found_year,full_abs_len,jref,doi,abstract
2,Mutual information functions of natural language texts,1989,,,,,0,,,
8,Visualization of tree-structured data through generative topographic mapping,2008,,,,,0,,,
13,Entanglement renormalization in free bosonic systems: real-space versus momentum-space renormalization group transforms,2010,,,,,0,,,
18,Multiscale entanglement renormalisation ansatz,2013,,,,,0,,,
25,Renormalization of entanglement entropy and the gravitational effective action,2014,ti,1302.1878,Renormalization of Entanglement Entropy and the Gravitational Effective Action,2013,1103,Journal of High Energy Physics 12 (2014) 045,10.1007/JHEP12(2014)045,"The entanglement entropy associated with a spatial boundary in quantum field theory is UV divergent, with the leading term proportional to the area of the boundary. For a class of quantum states defined by a path integral, the Callan-Wilczek formula gives a geometrical definition of the entanglement entropy. We show that, for this class of quantum states, the entanglement entropy is rendered UV-finite by precisely the counterterms required to cancel the UV divergences in the gravitational effective action. In particular, the leading contribution to the entanglement entropy is given by the renormalized Bekenstein-Hawking formula, in accordance with a proposal of Susskind and Uglum. We show that the subleading UV-divergent terms in the entanglement entropy depend nontrivially on the quantum state. We compute new subleading terms in the entanglement entropy and find agreement with the Wald entropy formula for black hole spacetimes with bifurcate Killing horizons. We speculate that the entanglement entropy of an arbitrary spatial boundary may be a well-defined observable in quantum gravity."
27,Tensorizing neural networks,2015,ti,1509.06569,Tensorizing Neural Networks,2015,846,,,"Deep neural networks currently demonstrate state-of-the-art performance in several domains. At the same time, models of this class are very demanding in terms of computational resources. In particular, a large amount of memory is required by commonly used fully-connected layers, making it hard to use the models on low-end devices and stopping the further increase of the model size. In this paper we convert the dense weight matrices of the fully-connected layers to the Tensor Train format such that the number of parameters is reduced by a huge factor and at the same time the expressive power of the layer is preserved. In particular, for the Very Deep VGG networks we report the compression factor of the dense weight matrix of a fully-connected layer up to 200000 times leading to the compression factor of the whole network up to 7 times."
31,Holographic duality from random tensor networks,2016,ti,1601.01694,Holographic duality from random tensor networks,2016,1914,JHEP 11 (2016) 009,10.1007/JHEP11(2016)009,"Tensor networks provide a natural framework for exploring holographic duality because they obey entanglement area laws. They have been used to construct explicit toy models realizing many interesting structural features of the AdS/CFT correspondence, including the non-uniqueness of bulk operator reconstruction in the boundary theory. In this article, we explore the holographic properties of networks of random tensors. We find that our models naturally incorporate many features that are analogous to those of the AdS/CFT correspondence. When the bond dimension of the tensors is large, we show that the entanglement entropy of boundary regions, whether connected or not, obey the Ryu-Takayanagi entropy formula, a fact closely related to known properties of the multipartite entanglement of assistance. Moreover, we find that each boundary region faithfully encodes the physics of the entire bulk entanglement wedge. Our method is to interpret the average over random tensors as the partition function of a classical ferromagnetic Ising model, so that the minimal surfaces of Ryu-Takayanagi appear as domain walls. Upon including the analog of a bulk field, we find that our model reproduces the expected corrections to the Ryu-Takayanagi formula: the minimal surface is displaced and the entropy is augmented by the entanglement of the bulk field. Increasing the entanglement of the bulk field ultimately changes the minimal surface topologically in a way similar to creation of a black hole. Extrapolating bulk correlation functions to the boundary permits the calculation of the scaling dimensions of boundary operators, which exhibit a large gap between a small number of low-dimension operators and the rest. While we are primarily motivated by AdS/CFT duality, our main results define a more general form of bulk-boundary correspondence which could be useful for extending holography to other spacetimes."
32,Renormalized entanglement entropy,2016,ti,1604.06808,Renormalized entanglement entropy,2016,1309,,10.1007/JHEP08(2016)165,"We develop a renormalization method for holographic entanglement entropy based on area renormalization of entangling surfaces. The renormalized entanglement entropy is derived for entangling surfaces in asymptotically locally anti-de Sitter spacetimes in general dimensions and for entangling surfaces in four dimensional holographic renormalization group flows. The renormalized entanglement entropy for disk regions in $AdS_4$ spacetimes agrees precisely with the holographically renormalized action for $AdS_4$ with spherical slicing and hence with the F quantity, in accordance with the Casini-Huerta-Myers map. We present a generic class of holographic RG flows associated with deformations by operators of dimension $3/2 < Δ< 5/2$ for which the F quantity increases along the RG flow, hence violating the strong version of the F theorem. We conclude by explaining how the renormalized entanglement entropy can be derived directly from the renormalized partition function using the replica trick i.e. our renormalization method for the entanglement entropy is inherited directly from that of the partition function. We show explicitly how the entanglement entropy counterterms can be derived from the standard holographic renormalization counterterms for asymptotically locally anti-de Sitter spacetimes."
39,Tensor-train recurrent neural networks for video classification,2017,,,,,0,,,
52,Wide compression: Tensor ring nets,2018,ti,1802.09052,Wide Compression: Tensor Ring Nets,2018,1055,,,"Deep neural networks have demonstrated state-of-the-art performance in a variety of real-world applications. In order to obtain performance gains, these networks have grown larger and deeper, containing millions or even billions of parameters and over a thousand layers. The trade-off is that these large architectures require an enormous amount of memory, storage, and computation, thus limiting their usability. Inspired by the recent tensor ring factorization, we introduce Tensor Ring Networks (TR-Nets), which significantly compress both the fully connected layers and the convolutional layers of deep neural networks. Our results show that our TR-Nets approach {is able to compress LeNet-5 by $11\times$ without losing accuracy}, and can compress the state-of-the-art Wide ResNet by $243\times$ with only 2.3\% degradation in {Cifar10 image classification}. Overall, this compression scheme shows promise in scientific computing and deep learning, especially for emerging resource-constrained devices such as smartphones, wearables, and IoT devices."
55,Information perspective to probabilistic modeling: Boltzmann machines versus born machines,2018,ti,1712.04144,Information Perspective to Probabilistic Modeling: Boltzmann Machines versus Born Machines,2017,677,"Entropy 2018, 20(8), 583",10.3390/e20080583,"We compare and contrast the statistical physics and quantum physics inspired approaches for unsupervised generative modeling of classical data. The two approaches represent probabilities of observed data using energy-based models and quantum states respectively.Classical and quantum information patterns of the target datasets therefore provide principled guidelines for structural design and learning in these two approaches. Taking the restricted Boltzmann machines (RBM) as an example, we analyze the information theoretical bounds of the two approaches. We verify our reasonings by comparing the performance of RBMs of various architectures on the standard MNIST datasets."
57,A tensor-based Bayesian probabilistic model for citywide personalized travel time estimation,2018,,,,,0,,,
60,"Ergodicity, entanglement and many-body localization",2018,,,,,0,,,
61,LTNN: A layerwise tensorized compression of multilayer neural network,2018,,,,,0,,,
66,Compressing End-to-end ASR Networks by Tensor-Train Decomposition.,2018,,,,,0,,,
77,A tensorized transformer for language modeling,2019,ti,1906.09777,A Tensorized Transformer for Language Modeling,2019,1054,,,"Latest development of neural models has connected the encoder and decoder through a self-attention mechanism. In particular, Transformer, which is solely based on self-attention, has led to breakthroughs in Natural Language Processing (NLP) tasks. However, the multi-head attention mechanism, as a key component of Transformer, limits the effective deployment of the model to a resource-limited setting. In this paper, based on the ideas of tensor decomposition and parameters sharing, we propose a novel self-attention model (namely Multi-linear attention) with Block-Term Tensor Decomposition (BTD). We test and verify the proposed attention method on three language modeling tasks (i.e., PTB, WikiText-103 and One-billion) and a neural machine translation task (i.e., WMT-2016 English-German). Multi-linear attention can not only largely compress the model parameters but also obtain performance improvements, compared with a number of language modeling approaches, such as Transformer, Transformer-XL, and Transformer with tensor train decomposition."
79,Machine learning by unitary tensor network of hierarchical tree structure,2019,ti,1710.04833,Machine Learning by Unitary Tensor Network of Hierarchical Tree Structure,2017,1061,"New Journal of Physics, 21, 073059 (2019)",10.1088/1367-2630/ab31ef,"The resemblance between the methods used in quantum-many body physics and in machine learning has drawn considerable attention. In particular, tensor networks (TNs) and deep learning architectures bear striking similarities to the extent that TNs can be used for machine learning. Previous results used one-dimensional TNs in image recognition, showing limited scalability and flexibilities. In this work, we train two-dimensional hierarchical TNs to solve image recognition problems, using a training algorithm derived from the multi-scale entanglement renormalization ansatz. This approach introduces mathematical connections among quantum many-body physics, quantum information theory, and machine learning. While keeping the TN unitary in the training phase, TN states are defined, which encode classes of images into quantum many-body states. We study the quantum features of the TN states, including quantum entanglement and fidelity. We find these quantities could be properties that characterize the image classes, as well as the machine learning tasks."
80,Compressing recurrent neural networks with tensor ring for action recognition,2019,ti,1811.07503,Compressing Recurrent Neural Networks with Tensor Ring for Action Recognition,2018,1183,,,"Recurrent Neural Networks (RNNs) and their variants, such as Long-Short Term Memory (LSTM) networks, and Gated Recurrent Unit (GRU) networks, have achieved promising performance in sequential data modeling. The hidden layers in RNNs can be regarded as the memory units, which are helpful in storing information in sequential contexts. However, when dealing with high dimensional input data, such as video and text, the input-to-hidden linear transformation in RNNs brings high memory usage and huge computational cost. This makes the training of RNNs unscalable and difficult. To address this challenge, we propose a novel compact LSTM model, named as TR-LSTM, by utilizing the low-rank tensor ring decomposition (TRD) to reformulate the input-to-hidden transformation. Compared with other tensor decomposition methods, TR-LSTM is more stable. In addition, TR-LSTM can complete an end-to-end training and also provide a fundamental building block for RNNs in handling large input data. Experiments on real-world action recognition datasets have demonstrated the promising performance of the proposed TR-LSTM compared with the tensor train LSTM and other state-of-the-art competitors."
86,Probabilistic modeling with matrix product states,2019,ti,1902.06888,Probabilistic Modeling with Matrix Product States,2019,621,,10.3390/e21121236,"Inspired by the possibility that generative models based on quantum circuits can provide a useful inductive bias for sequence modeling tasks, we propose an efficient training algorithm for a subset of classically simulable quantum circuit models. The gradient-free algorithm, presented as a sequence of exactly solvable effective models, is a modification of the density matrix renormalization group procedure adapted for learning a probability distribution. The conclusion that circuit-based models offer a useful inductive bias for classical datasets is supported by experimental results on the parity learning problem."
89,Entanglement at a scale and renormalization monotones,2019,ti,1704.05077,Entanglement at a Scale and Renormalization Monotones,2017,890,JHEP 1901(2019) 219,10.1007/JHEP01(2019)219,"We study the information content of the reduced density matrix of a region in quantum field theory that cannot be recovered from its subregion density matrices. We reconstruct the density matrix from its subregions using two approaches: scaling maps and recovery maps. The vacuum of a scale-invariant field theory is the fixed point of both transformations. We define the entanglement of scaling and the entanglement of recovery as measures of entanglement that are intrinsic to the continuum limit. Both measures increase monotonically under the renormalization group flow. This provides a unifying information-theoretic structure underlying the different approaches to the renormalization monotones in various dimensions. Our analysis applies to non-relativistic quantum field theories as well the relativistic ones, however, in relativistic case, the entanglement of scaling can diverge."
101,Variational quantum circuits for deep reinforcement learning,2020,ti,1907.00397,Variational Quantum Circuits for Deep Reinforcement Learning,2019,1374,,,"The state-of-the-art machine learning approaches are based on classical von Neumann computing architectures and have been widely used in many industrial and academic domains. With the recent development of quantum computing, researchers and tech-giants have attempted new quantum circuits for machine learning tasks. However, the existing quantum computing platforms are hard to simulate classical deep learning models or problems because of the intractability of deep quantum circuits. Thus, it is necessary to design feasible quantum algorithms for quantum machine learning for noisy intermediate scale quantum (NISQ) devices. This work explores variational quantum circuits for deep reinforcement learning. Specifically, we reshape classical deep reinforcement learning algorithms like experience replay and target network into a representation of variational quantum circuits. Moreover, we use a quantum information encoding scheme to reduce the number of model parameters compared to classical neural networks. To the best of our knowledge, this work is the first proof-of-principle demonstration of variational quantum circuits to approximate the deep $Q$-value function for decision-making and policy-selection reinforcement learning with experience replay and target network. Besides, our variational quantum circuits can be deployed in many near-term NISQ machines."
104,Convolutional tensor-train LSTM for spatio-temporal learning,2020,,,,,0,,,
105,Compressing pre-trained language models by matrix decomposition,2020,,,,,0,,,
106,From probabilistic graphical models to generalized tensor networks for supervised learning,2020,ti,1806.05964,From probabilistic graphical models to generalized tensor networks for supervised learning,2018,1347,,,"Tensor networks have found a wide use in a variety of applications in physics and computer science, recently leading to both theoretical insights as well as practical algorithms in machine learning. In this work we explore the connection between tensor networks and probabilistic graphical models, and show that it motivates the definition of generalized tensor networks where information from a tensor can be copied and reused in other parts of the network. We discuss the relationship between generalized tensor network architectures used in quantum physics, such as string-bond states, and architectures commonly used in machine learning. We provide an algorithm to train these networks in a supervised-learning context and show that they overcome the limitations of regular tensor networks in higher dimensions, while keeping the computation efficient. A method to combine neural networks and tensor networks as part of a common deep learning architecture is also introduced. We benchmark our algorithm for several generalized tensor network architectures on the task of classifying images and sounds, and show that they outperform previously introduced tensor-network algorithms. The models we consider also have a natural implementation on a quantum computer and may guide the development of near-term quantum machine learning architectures."
108,Deep convolutional neural network compression via coupled tensor decomposition,2020,,,,,0,,,
116,Learning phase transition in Ising model with tensor-network Born machines,2020,,,,,0,,,
120,Adaptive tensor-train decomposition for neural network compression,2020,,,,,0,,,
138,Improving multimodal fusion with hierarchical mutual information maximization for multimodal sentiment analysis,2021,ti,2109.00412,Improving Multimodal Fusion with Hierarchical Mutual Information Maximization for Multimodal Sentiment Analysis,2021,1360,,,"In multimodal sentiment analysis (MSA), the performance of a model highly depends on the quality of synthesized embeddings. These embeddings are generated from the upstream process called multimodal fusion, which aims to extract and combine the input unimodal raw data to produce a richer multimodal representation. Previous work either back-propagates the task loss or manipulates the geometric property of feature spaces to produce favorable fusion results, which neglects the preservation of critical task-related information that flows from input to the fusion results. In this work, we propose a framework named MultiModal InfoMax (MMIM), which hierarchically maximizes the Mutual Information (MI) in unimodal input pairs (inter-modality) and between multimodal fusion result and unimodal input in order to maintain task-related information through multimodal fusion. The framework is jointly trained with the main task (MSA) to improve the performance of the downstream MSA task. To address the intractable issue of MI bounds, we further formulate a set of computationally simple parametric and non-parametric methods to approximate their truth value. Experimental results on the two widely used datasets demonstrate the efficacy of our approach. The implementation of this work is publicly available at https://github.com/declare-lab/Multimodal-Infomax."
140,Probabilistic transformer for time series analysis,2021,,,,,0,,,
141,Tt-rec: Tensor train compression for deep learning recommendation models,2021,,,,,0,,,
146,Tensor networks for probabilistic sequence modeling,2021,ti,2003.01039,Tensor Networks for Probabilistic Sequence Modeling,2020,1033,,,"Tensor networks are a powerful modeling framework developed for computational many-body physics, which have only recently been applied within machine learning. In this work we utilize a uniform matrix product state (u-MPS) model for probabilistic modeling of sequence data. We first show that u-MPS enable sequence-level parallelism, with length-n sequences able to be evaluated in depth O(log n). We then introduce a novel generative algorithm giving trained u-MPS the ability to efficiently sample from a wide variety of conditional distributions, each one defined by a regular expression. Special cases of this algorithm correspond to autoregressive and fill-in-the-blank sampling, but more complex regular expressions permit the generation of richly structured data in a manner that has no direct analogue in neural generative models. Experiments on sequence modeling with synthetic and real text data show u-MPS outperforming a variety of baselines and effectively generalizing their predictions in the presence of limited data."
150,Enabling lightweight fine-tuning for pre-trained language model compression based on matrix product operators,2021,,,,,0,,,
153,"Free versus bound entanglement, a NP-hard problem tackled by machine learning",2021,,,,,0,,,
154,Entanglement-based feature extraction by tensor network machine learning,2021,,,,,0,,,
156,Nonlinear tensor train format for deep neural network compression,2021,,,,,0,,,
158,Computable Rényi mutual information: Area laws and correlations,2021,ti,2103.01709,Computable Rényi mutual information: Area laws and correlations,2021,937,"Quantum 5, 541 (2021)",10.22331/q-2021-09-14-541,"The mutual information is a measure of classical and quantum correlations of great interest in quantum information. It is also relevant in quantum many-body physics, by virtue of satisfying an area law for thermal states and bounding all correlation functions. However, calculating it exactly or approximately is often challenging in practice. Here, we consider alternative definitions based on Rényi divergences. Their main advantage over their von Neumann counterpart is that they can be expressed as a variational problem whose cost function can be efficiently evaluated for families of states like matrix product operators while preserving all desirable properties of a measure of correlations. In particular, we show that they obey a thermal area law in great generality, and that they upper bound all correlation functions. We also investigate their behavior on certain tensor network states and on classical thermal distributions."
159,"Quantum tensor networks, stochastic processes, and weighted automata",2021,ti,2010.10653,"Quantum Tensor Networks, Stochastic Processes, and Weighted Automata",2020,1304,,,"Modeling joint probability distributions over sequences has been studied from many perspectives. The physics community developed matrix product states, a tensor-train decomposition for probabilistic modeling, motivated by the need to tractably model many-body systems. But similar models have also been studied in the stochastic processes and weighted automata literature, with little work on how these bodies of work relate to each other. We address this gap by showing how stationary or uniform versions of popular quantum tensor network models have equivalent representations in the stochastic processes and weighted automata literature, in the limit of infinitely long sequences. We demonstrate several equivalence results between models used in these three communities: (i) uniform variants of matrix product states, Born machines and locally purified states from the quantum tensor networks literature, (ii) predictive state representations, hidden Markov models, norm-observable operator models and hidden quantum Markov models from the stochastic process literature,and (iii) stochastic weighted automata, probabilistic automata and quadratic automata from the formal languages literature. Such connections may open the door for results and methods developed in one area to be applied in another."
164,TextTN: Probabilistic encoding of language on tensor network,2021,,,,,0,,,
165,Matrix product states for inference in discrete probabilistic models,2021,,,,,0,,,
171,A tensorized spectral attention mechanism for efficient natural language processing,2021,,,,,0,,,
172,Matrix Product State Representations for Machine Learning,2021,,,,,0,,,
191,Tensor program optimization with probabilistic programs,2022,ti,2205.13603,Tensor Program Optimization with Probabilistic Programs,2022,1095,,,"Automatic optimization for tensor programs becomes increasingly important as we deploy deep learning in various environments, and efficient optimization relies on a rich search space and effective search. Most existing efforts adopt a search space which lacks the ability to efficiently enable domain experts to grow the search space. This paper introduces MetaSchedule, a domain-specific probabilistic programming language abstraction to construct a rich search space of tensor programs. Our abstraction allows domain experts to analyze the program, and easily propose stochastic choices in a modular way to compose program transformation accordingly. We also build an end-to-end learning-driven framework to find an optimized program for a given search space. Experimental results show that MetaSchedule can cover the search space used in the state-of-the-art tensor program optimization frameworks in a modular way. Additionally, it empowers domain experts to conveniently grow the search space and modularly enhance the system, which brings 48% speedup on end-to-end deep learning workloads."
194,A -Tensor-Aided Multiscale Transformer for Remaining Useful Life Prediction in IIoT,2022,,,,,0,,,
195,Mutual information scaling for tensor network machine learning,2022,ti,2103.00105,Mutual Information Scaling for Tensor Network Machine Learning,2021,1407,Mach. Learn.: Sci. Technol. 3 015017 (2022),10.1088/2632-2153/ac44a9,"Tensor networks have emerged as promising tools for machine learning, inspired by their widespread use as variational ansatze in quantum many-body physics. It is well known that the success of a given tensor network ansatz depends in part on how well it can reproduce the underlying entanglement structure of the target state, with different network designs favoring different scaling patterns. We demonstrate here how a related correlation analysis can be applied to tensor network machine learning, and explore whether classical data possess correlation scaling patterns similar to those found in quantum states which might indicate the best network to use for a given dataset. We utilize mutual information as measure of correlations in classical data, and show that it can serve as a lower-bound on the entanglement needed for a probabilistic tensor network classifier. We then develop a logistic regression algorithm to estimate the mutual information between bipartitions of data features, and verify its accuracy on a set of Gaussian distributions designed to mimic different correlation patterns. Using this algorithm, we characterize the scaling patterns in the MNIST and Tiny Images datasets, and find clear evidence of boundary-law scaling in the latter. This quantum-inspired classical analysis offers insight into the design of tensor networks which are best suited for specific learning tasks."
196,Entanglement quantification from collective measurements processed by machine learning,2022,ti,2203.01607,Entanglement quantification from collective measurements processed by machine learning,2022,719,,10.1016/j.physleta.2022.128270,"In this paper, we investigate how to reduce the number of measurement configurations needed for sufficiently precise entanglement quantification. Instead of analytical formulae, we employ artificial neural networks to predict the amount of entanglement in a quantum state based on results of collective measurements (simultaneous measurements on multiple instances of the investigated state). This approach allows us to explore the precision of entanglement quantification as a function of measurement configurations. For the purpose of our research, we consider general two-qubit states and their negativity as entanglement quantifier. We outline the benefits of this approach in future quantum communication networks."
198,Born machine model based on matrix product state quantum circuit,2022,,,,,0,,,
201,Toward compact transformers for end-to-end object detection with decomposed chain tensor structure,2022,,,,,0,,,
202,Deeply tensor compressed transformers for end-to-end object detection,2022,,,,,0,,,
203,Explainable natural language processing with matrix product states,2022,ti,2112.08628,Explainable Natural Language Processing with Matrix Product States,2021,1519,"New Journal of Physics, Volume 24, May 2022, 053032",10.1088/1367-2630/ac6232,"Despite empirical successes of recurrent neural networks (RNNs) in natural language processing (NLP), theoretical understanding of RNNs is still limited due to intrinsically complex non-linear computations. We systematically analyze RNNs' behaviors in a ubiquitous NLP task, the sentiment analysis of movie reviews, via the mapping between a class of RNNs called recurrent arithmetic circuits (RACs) and a matrix product state (MPS). Using the von-Neumann entanglement entropy (EE) as a proxy for information propagation, we show that single-layer RACs possess a maximum information propagation capacity, reflected by the saturation of the EE. Enlarging the bond dimension beyond the EE saturation threshold does not increase model prediction accuracies, so a minimal model that best estimates the data statistics can be inferred. Although the saturated EE is smaller than the maximum EE allowed by the area law, our minimal model still achieves ~99% training accuracies in realistic sentiment analysis data sets. Thus, low EE is not a warrant against the adoption of single-layer RACs for NLP. Contrary to a common belief that long-range information propagation is the main source of RNNs' successes, we show that single-layer RACs harness high expressiveness from the subtle interplay between the information propagation and the word vector embeddings. Our work sheds light on the phenomenology of learning in RACs, and more generally on the explainability of RNNs for NLP, using tools from many-body quantum physics."
205,Convolutional neural network compression via tensor-train decomposition on permuted weight tensor with automatic rank determination,2022,,,,,0,,,
207,Urban tree generator: spatio-temporal and generative deep learning for urban tree localization and modeling: A. Firoze et al.,2022,,,,,0,,,
208,Ensemble of tensor train decomposition and quantization methods for deep learning model compression,2022,,,,,0,,,
241,Losparse: Structured compression of large language models based on low-rank and sparse approximation,2023,ti,2306.11222,LoSparse: Structured Compression of Large Language Models based on Low-Rank and Sparse Approximation,2023,1014,,,"Transformer models have achieved remarkable results in various natural language tasks, but they are often prohibitively large, requiring massive memories and computational resources. To reduce the size and complexity of these models, we propose LoSparse (Low-Rank and Sparse approximation), a novel model compression technique that approximates a weight matrix by the sum of a low-rank matrix and a sparse matrix. Our method combines the advantages of both low-rank approximations and pruning, while avoiding their limitations. Low-rank approximation compresses the coherent and expressive parts in neurons, while pruning removes the incoherent and non-expressive parts in neurons. Pruning enhances the diversity of low-rank approximations, and low-rank approximation prevents pruning from losing too many expressive neurons. We evaluate our method on natural language understanding, question answering, and natural language generation tasks. We show that it significantly outperforms existing compression methods."
246,Simulating quantum circuits using tree tensor networks,2023,ti,2206.01000,Simulating quantum circuits using tree tensor networks,2022,851,"Quantum 7, 964 (2023)",10.22331/q-2023-03-30-964,"We develop and analyze a method for simulating quantum circuits on classical computers by representing quantum states as rooted tree tensor networks. Our algorithm first determines a suitable, fixed tree structure adapted to the expected entanglement generated by the quantum circuit. The gates are sequentially applied to the tree by absorbing single-qubit gates into leaf nodes, and splitting two-qubit gates via singular value decomposition and threading the resulting virtual bond through the tree. We theoretically analyze the applicability of the method as well as its computational cost and memory requirements, and identify advantageous scenarios in terms of required bond dimensions as compared to a matrix product state representation. The study is complemented by numerical experiments for different quantum circuit layouts up to 37 qubits."
250,PROTES: probabilistic optimization with tensor sampling,2023,ti,2301.12162,PROTES: Probabilistic Optimization with Tensor Sampling,2023,712,,,"We developed a new method PROTES for black-box optimization, which is based on the probabilistic sampling from a probability density function given in the low-parametric tensor train format. We tested it on complex multidimensional arrays and discretized multivariable functions taken, among others, from real-world applications, including unconstrained binary optimization and optimal control problems, for which the possible number of elements is up to $2^{100}$. In numerical experiments, both on analytic model functions and on complex problems, PROTES outperforms existing popular discrete optimization methods (Particle Swarm Optimization, Covariance Matrix Adaptation, Differential Evolution, and others)."
254,Symmetric tensor networks for generative modeling and constrained combinatorial optimization,2023,ti,2211.09121,Symmetric Tensor Networks for Generative Modeling and Constrained Combinatorial Optimization,2022,1323,Mach. Learn.: Sci. Technol. 4 035009 (2023),10.1088/2632-2153/ace0f5,"Constrained combinatorial optimization problems abound in industry, from portfolio optimization to logistics. One of the major roadblocks in solving these problems is the presence of non-trivial hard constraints which limit the valid search space. In some heuristic solvers, these are typically addressed by introducing certain Lagrange multipliers in the cost function, by relaxing them in some way, or worse yet, by generating many samples and only keeping valid ones, which leads to very expensive and inefficient searches. In this work, we encode arbitrary integer-valued equality constraints of the form Ax=b, directly into U(1) symmetric tensor networks (TNs) and leverage their applicability as quantum-inspired generative models to assist in the search of solutions to combinatorial optimization problems. This allows us to exploit the generalization capabilities of TN generative models while constraining them so that they only output valid samples. Our constrained TN generative model efficiently captures the constraints by reducing number of parameters and computational costs. We find that at tasks with constraints given by arbitrary equalities, symmetric Matrix Product States outperform their standard unconstrained counterparts at finding novel and better solutions to combinatorial optimization problems."
258,TT-Net: Tensorized Transformer Network for 3D medical image segmentation,2023,,,,,0,,,
261,Multi-layered projected entangled pair states for image classification,2023,,,,,0,,,
263,Undirected probabilistic model for tensor decomposition,2023,,,,,0,,,
268,An efficient tensor-based transformer for industrial Internet of Things,2023,,,,,0,,,
281,Generative machine learning with tensor networks,2023,ti-fuzzy,2010.03641,Generative machine learning with tensor networks: benchmarks on near-term quantum computers,2020,1777,"Phys. Rev. Research 3, 023010 (2021)",10.1103/PhysRevResearch.3.023010,"Noisy, intermediate-scale quantum (NISQ) computing devices have become an industrial reality in the last few years, and cloud-based interfaces to these devices are enabling exploration of near-term quantum computing on a range of problems. As NISQ devices are too noisy for many of the algorithms with a known quantum advantage, discovering impactful applications for near-term devices is the subject of intense research interest. We explore quantum-assisted machine learning (QAML) on NISQ devices through the perspective of tensor networks (TNs), which offer a robust platform for designing resource-efficient and expressive machine learning models to be dispatched on quantum devices. In particular, we lay out a framework for designing and optimizing TN-based QAML models using classical techniques, and then compiling these models to be run on quantum hardware, with demonstrations for generative matrix product state (MPS) models. We put forth a generalized canonical form for MPS models that aids in compilation to quantum devices, and demonstrate greedy heuristics for compiling with a given topology and gate set that outperforms known generic methods in terms of the number of entangling gates, e.g., CNOTs, in some cases by an order of magnitude. We present an exactly solvable benchmark problem for assessing the performance of MPS QAML models, and also present an application for the canonical MNIST handwritten digit dataset. The impacts of hardware topology and day-to-day experimental noise fluctuations on model performance are explored by analyzing both raw experimental counts and statistical divergences of inferred distributions. We also present parametric studies of depolarization and readout noise impacts on model performance using hardware simulators."
300,A survey on model compression for large language models,2024,ti,2308.07633,A Survey on Model Compression for Large Language Models,2023,771,,,"Large Language Models (LLMs) have transformed natural language processing tasks successfully. Yet, their large size and high computational needs pose challenges for practical use, especially in resource-limited settings. Model compression has emerged as a key research area to address these challenges. This paper presents a survey of model compression techniques for LLMs. We cover methods like quantization, pruning, and knowledge distillation, highlighting recent advancements. We also discuss benchmarking strategies and evaluation metrics crucial for assessing compressed LLMs. This survey offers valuable insights for researchers and practitioners, aiming to enhance efficiency and real-world applicability of LLMs while laying a foundation for future advancements."
303,Hydra: Bidirectional state space models through generalized matrix mixers,2024,ti,2407.09941,Hydra: Bidirectional State Space Models Through Generalized Matrix Mixers,2024,1446,,,"A wide array of sequence models are built on a framework modeled after Transformers, comprising alternating sequence mixer and channel mixer layers. This paper studies a unifying matrix mixer view of sequence mixers that can be conceptualized as a linear map on the input sequence. This framework encompasses a broad range of well-known sequence models, including the self-attention of Transformers as well as recent strong alternatives such as structured state space models (SSMs), and allows understanding downstream characteristics such as efficiency and expressivity through properties of their structured matrix class. We identify a key axis of matrix parameterizations termed sequence alignment, which increases the flexibility and performance of matrix mixers, providing insights into the strong performance of Transformers and recent SSMs such as Mamba. Furthermore, the matrix mixer framework offers a systematic approach to developing sequence mixers with desired properties, allowing us to develop several new sub-quadratic sequence models. In particular, we propose a natural bidirectional extension of the Mamba model (Hydra), parameterized as a quasiseparable matrix mixer, which demonstrates superior performance over other sequence models including Transformers on non-causal tasks. As a drop-in replacement for attention layers, Hydra outperforms BERT by 0.8 points on the GLUE benchmark and ViT by 2% Top-1 accuracy on ImageNet."
304,Tensor attention training: Provably efficient learning of higher-order transformers,2024,,,,,0,,,
305,Transition role of entangled data in quantum machine learning,2024,ti,2306.03481,Transition Role of Entangled Data in Quantum Machine Learning,2023,1360,,10.1038/s41467-024-47983-1,"Entanglement serves as the resource to empower quantum computing. Recent progress has highlighted its positive impact on learning quantum dynamics, wherein the integration of entanglement into quantum operations or measurements of quantum machine learning (QML) models leads to substantial reductions in training data size, surpassing a specified prediction error threshold. However, an analytical understanding of how the entanglement degree in data affects model performance remains elusive. In this study, we address this knowledge gap by establishing a quantum no-free-lunch (NFL) theorem for learning quantum dynamics using entangled data. Contrary to previous findings, we prove that the impact of entangled data on prediction error exhibits a dual effect, depending on the number of permitted measurements. With a sufficient number of measurements, increasing the entanglement of training data consistently reduces the prediction error or decreases the required size of the training data to achieve the same prediction error. Conversely, when few measurements are allowed, employing highly entangled data could lead to an increased prediction error. The achieved results provide critical guidance for designing advanced QML protocols, especially for those tailored for execution on early-stage quantum computers with limited access to quantum resources."
307,Temporal entanglement entropy as a probe of renormalization group flow,2024,ti,2312.08534,Temporal Entanglement Entropy as a probe of Renormalization Group Flow,2023,1380,JHEP 05 (2024) 030,10.1007/JHEP05(2024)030,"The recently introduced concept of timelike entanglement entropy has sparked a lot of interest. Unlike the traditional spacelike entanglement entropy, timelike entanglement entropy involves tracing over a timelike subsystem. In this work, we propose an extension of timelike entanglement entropy to Euclidean space (""temporal entanglement entropy""), and relate it to the renormalization group (RG) flow. Specifically, we show that tracing over a period of Euclidean time corresponds to coarse-graining the system and can be connected to momentum space entanglement. We employ Holography, a framework naturally embedding RG flow, to illustrate our proposal. Within cutoff holography, we establish a direct link between the UV cutoff and the smallest resolvable time interval within the effective theory through the irrelevant $T\bar T$ deformation. Increasing the UV cutoff results in an enhanced capability to resolve finer time intervals, while reducing it has the opposite effect. Moreover, we show that tracing over a larger Euclidean time interval is formally equivalent to integrating out more UV degrees of freedom (or lowering the temperature). As an application, we point out that the temporal entanglement entropy can detect the critical Lifshitz exponent $z$ in non-relativistic theories which is not accessible from spatial entanglement at zero temperature and density."
311,Enabling tensor language model to assist in generating {High-Performance} tensor programs for deep learning,2024,,,,,0,,,
314,Neural network compression based on tensor ring decomposition,2024,,,,,0,,,
320,"Rényi mutual information in quantum field theory, tensor networks, and gravity",2024,ti,2308.08600,"Rényi mutual information in quantum field theory, tensor networks, and gravity",2023,870,,10.1007/JHEP06(2024)195,"We explore a large class of correlation measures called the $α-z$ Rényi mutual informations (RMIs). Unlike the commonly used notion of RMI involving linear combinations of Rényi entropies, the $α-z$ RMIs are positive semi-definite and monotonically decreasing under quantum operations, making them sensible measures of total (quantum and classical) correlations. This follows from their descendance from Rényi relative entropies. In addition to upper bounding connected correlation functions between subsystems, we prove the much stronger statement that for certain values of $α$ and $z$, the $α-z$ RMIs also lower bound connected correlation functions. We develop an easily implementable replica trick which enables us to compute the $α-z$ RMIs in a variety of many-body systems including conformal field theories, free fermions, random tensor networks, and holography."
322,Higher order transformers: Efficient attention mechanism for tensor structured data,2024,,,,,0,,,
323,Long sequence modeling with attention tensorization: From sequence to tensor learning,2024,ti,2410.20926,Long Sequence Modeling with Attention Tensorization: From Sequence to Tensor Learning,2024,1233,,,"As the demand for processing extended textual data grows, the ability to handle long-range dependencies and maintain computational efficiency is more critical than ever. One of the key issues for long-sequence modeling using attention-based model is the mismatch between the limited-range modeling power of full attention and the long-range token dependency in the input sequence. In this work, we propose to scale up the attention receptive field by tensorizing long input sequences into compact tensor representations followed by attention on each transformed dimension. The resulting Tensorized Attention can be adopted as efficient transformer backbones to extend input context length with improved memory and time efficiency. We show that the proposed attention tensorization encodes token dependencies as a multi-hop attention process, and is equivalent to Kronecker decomposition of full attention. Extensive experiments show that tensorized attention can be used to adapt pretrained LLMs with improved efficiency. Notably, Llama-8B with tensorization is trained under 32,768 context length and can steadily extrapolate to 128k length during inference with $11\times$ speedup, compared to full attention with FlashAttention-2."
325,Quantum topic model: Topic modeling using variational quantum circuits,2024,,,,,0,,,
335,Enhancing Neural Language Models: A Comprehensive Approach With Tensorized Transformer and Over-Parameterization,2024,,,,,0,,,
341,Deep Learning and Tensor-Based Multiple Clustering Approaches for Cyber-Physical-Social Applications,2024,,,,,0,,,
342,Enhancing Generation Stability with Generative Matrix Product States in Adversarial Networks,2024,,,,,0,,,
343,Generating Quantum Circuits with Finetuned Pretrained Large Language Models,2024,,,,,0,,,
344,Tensor Mutual Information for Similarity Measurement of High-Dimensional Data: An Image Classification Perspective,2024,,,,,0,,,
368,Quantum generative adversarial network based on the quantum Born machine,2025,,,,,0,,,
372,Entanglement and the density matrix renormalization group in the generalized Landau paradigm,2025,,,,,0,,,
374,Direct entanglement detection of quantum systems using machine learning,2025,,,,,0,,,
375,Tensor networks for explainable machine learning in cybersecurity,2025,ti,2401.00867,Tensor Networks for Explainable Machine Learning in Cybersecurity,2023,834,"Neurocomputing, Volume 639, 28 July 2025, Article 130211",10.1016/j.neucom.2025.130211,"In this paper we show how tensor networks help in developing explainability of machine learning algorithms. Specifically, we develop an unsupervised clustering algorithm based on Matrix Product States (MPS) and apply it in the context of a real use-case of adversary-generated threat intelligence. Our investigation proves that MPS rival traditional deep learning models such as autoencoders and GANs in terms of performance, while providing much richer model interpretability. Our approach naturally facilitates the extraction of feature-wise probabilities, Von Neumann Entropy, and mutual information, offering a compelling narrative for classification of anomalies and fostering an unprecedented level of transparency and interpretability, something fundamental to understand the rationale behind artificial intelligence decisions."
381,Application of large language models to quantum state simulation,2025,ti,2410.06629,Application of Large Language Models to Quantum State Simulation,2024,1299,,,"Quantum computers leverage the unique advantages of quantum mechanics to achieve acceleration over classical computers for certain problems. Currently, various quantum simulators provide powerful tools for researchers, but simulating quantum evolution with these simulators often incurs high time costs. Additionally, resource consumption grows exponentially as the number of quantum bits increases. To address this issue, our research aims to utilize Large Language Models (LLMs) to simulate quantum circuits. This paper details the process of constructing 1-qubit and 2-qubit quantum simulator models, extending to multiple qubits, and ultimately implementing a 3-qubit example. Our study demonstrates that LLMs can effectively learn and predict the evolution patterns among quantum bits, with minimal error compared to the theoretical output states. Even when dealing with quantum circuits comprising an exponential number of quantum gates, LLMs remain computationally efficient. Overall, our results highlight the potential of LLMs to predict the outputs of complex quantum dynamics, achieving speeds far surpassing those required to run the same process on a quantum computer. This finding provides new insights and tools for applying machine learning methods in the field of quantum computing."
383,Steps: sequential probability tensor estimation for text-to-image hard prompt search,2025,,,,,0,,,
385,Sequence processing with quantum-inspired tensor networks,2025,,,,,0,,,
386,Tensor tree learns hidden relational structures in data to construct generative models,2025,ti,2408.10669,Tensor tree learns hidden relational structures in data to construct generative models,2024,895,Mach. Learn.: Sci. Technol. 6 025002 (2025),10.1088/2632-2153/adc2c7,"Based on the tensor tree network with the Born machine framework, we propose a general method for constructing a generative model by expressing the target distribution function as the amplitude of the quantum wave function represented by a tensor tree. The key idea is dynamically optimizing the tree structure that minimizes the bond mutual information. The proposed method offers enhanced performance and uncovers hidden relational structures in the target data. We illustrate potential practical applications with four examples: (i) random patterns, (ii) QMNIST handwritten digits, (iii) Bayesian networks, and (iv) the pattern of stock price fluctuation pattern in S&P500. In (i) and (ii), the strongly correlated variables were concentrated near the center of the network; in (iii), the causality pattern was identified; and in (iv), a structure corresponding to the eleven sectors emerged."
390,Bridging classical and quantum computing for next-generation language models,2025,,,,,0,,,
399,Deep tensor decomposition: A survey,2025,,,,,0,,,
401,Sequential learning on a tensor network Born machine with trainable token embedding,2025,ti,2311.05050,Sequential learning on a Tensor Network Born machine with Trainable Token Embedding,2023,1265,,,"Generative models aim to learn the probability distributions underlying data, enabling the generation of new, realistic samples. Quantum inspired generative models, such as Born machines based on the matrix product state framework, have demonstrated remarkable capabilities in unsupervised learning tasks. This study advances the Born machine paradigm by introducing trainable token embeddings through positive operator valued measurements, replacing the traditional approach of static tensor indices. Key technical innovations include encoding tokens as quantum measurement operators with trainable parameters and leveraging QR decomposition to adjust the physical dimensions of the MPS. This approach maximizes the utilization of operator space and enhances the model's expressiveness. Empirical results on RNA data demonstrate that the proposed method significantly reduces negative log likelihood compared to one hot embeddings, with higher physical dimensions further enhancing single site probabilities and multi site correlations. The model also outperforms GPT2 in single site estimation and achieves competitive correlation modeling, showcasing the potential of trainable POVM embeddings for complex data correlations in quantum inspired sequence modeling."
404,Tree Tensor Network Quantum-Classical Hybrid Neural Architecture for Efficient Data Classification,2025,,,,,0,,,
408,Saten: Sparse Augmented Tensor Networks for Post-Training Compression of Large Language Models.,2025,,,,,0,,,
409,Share Token Tensorized Attention Fusion: Enhancing Audio-Visual Emotion Recognition for Consumer Electronics,2025,,,,,0,,,
410,Tensorized attention for understanding multi-object relationships,2025,,,,,0,,,
411,Towards robust scale-invariant mutual information estimators,2025,,,,,0,,,
413,Compression of Convolutional Neural Networks Employing Tensor Train and High Dimensional Model Representation,2025,,,,,0,,,
416,LLM-based code generation for optimized quantum circuits,2025,,,,,0,,,
418,"Quantum Natural Language Processing: A Comprehensive Survey of Models, Architectures, and Evaluation Methods",2025,,,,,0,,,
419,Tensor-Based Compression of Neural Networks,2025,,,,,0,,,
424,TNSPC: Learning from Partially Observed Data Using Tensor Network Structured Probabilistic Circuits,2025,,,,,0,,,
463,Tensor product attention is all you need,2026,ti,2501.06425,Tensor Product Attention Is All You Need,2025,1382,,,"Scaling language models to handle longer input sequences typically necessitates large key-value (KV) caches, resulting in substantial memory overhead during inference. In this paper, we propose Tensor Product Attention (TPA), a novel attention mechanism that uses tensor decompositions to represent queries, keys, and values compactly, substantially shrinking the KV cache size at inference time. By factorizing these representations into contextual low-rank components and seamlessly integrating with Rotary Position Embedding (RoPE), TPA achieves improved model quality alongside memory efficiency. Based on TPA, we introduce the Tensor ProducT ATTenTion Transformer (T6), a new model architecture for sequence modeling. Through extensive empirical evaluation on language modeling tasks, we demonstrate that T6 surpasses or matches the performance of standard Transformer baselines including Multi-Head Attention (MHA), Multi-Query Attention (MQA), Grouped-Query Attention (GQA), and Multi-Head Latent Attention (MLA) across various metrics, including perplexity and a range of established evaluation benchmarks. Notably, TPA's memory efficiency and computational efficiency at decoding stage enables processing longer sequences under fixed resource constraints, addressing a critical scalability challenge in modern language models. Project Page: https://github.com/tensorgi/TPA."
465,A comprehensive survey on large language model compression for artificial intelligence applications in edge systems,2026,,,,,0,,,
466,LM: Mutual Information Scaling Law for Long-Context Language Modeling,2026,,,,,0,,,
467,Entanglement detection and quantification through machine learning: A comprehensive review,2026,,,,,0,,,
471,Tensorlens: End-to-end transformer analysis via high-order attention tensors,2026,,,,,0,,,
472,LeSTD: LLM Compression via Learning-based Sparse Tensor Decomposition,2026,,,,,0,,,
473,Plastic tensor networks for interpretable generative modeling,2026,ti,2504.06722,Plastic tensor networks for interpretable generative modeling,2025,1477,,,"A structural optimization scheme for a single-layer nonnegative adaptive tensor tree (NATT) that models a target probability distribution is proposed as an alternative paradigm for generative modeling. The NATT scheme, by construction, automatically searches for a tree structure that best fits a given discrete dataset whose features serve as inputs, and has the advantage that it is interpretable as a probabilistic graphical model. We consider the NATT scheme and a recently proposed Born machine adaptive tensor tree (BMATT) optimization scheme and demonstrate their effectiveness on a variety of generative modeling tasks where the objective is to infer the hidden structure of a provided dataset. Our results show that in terms of minimizing the negative log-likelihood, the single-layer scheme has model performance comparable to the Born machine scheme, though not better. The tasks include deducing the structure of binary bitwise operations, learning the internal structure of random Bayesian networks given only visible sites, and a real-world example related to hierarchical clustering where a cladogram is constructed from mitochondrial DNA sequences. In doing so, we also show the importance of the choice of network topology and the versatility of a least-mutual information criterion in selecting a candidate structure for a tensor tree, as well as discuss aspects of these tensor tree generative models including their information content and interpretability."
478,Compress large language models via collaboration between learning and matrix approximation,2026,,,,,0,,,
488,ACCELERATING LARGE LANGUAGE MODEL TRAINING USING HYBRID QUANTUM-CLASSICAL VARIATIONAL AUTOENCODERS WITH INTEGRATED …,2026,,,,,0,,,
491,DATT: Dimension-Augmented Tensor-Train Decomposition for Neural Network Compression,2026,,,,,0,,,
493,HVIA: A Hybrid Variational Ising Architecture for Quantum Language Modeling,2026,,,,,0,,,
494,Meaning Representations as Variational Quantum Circuits,2026,,,,,0,,,
500,Quantum2Prompt: Representing Quantum Circuits as Language Prompts for Linear System Solving,2026,,,,,0,,,
502,Sparse Tensor Attention for Hyperspectral Unmixing,2026,,,,,0,,,
505,Tensor Brain: Structured Probabilistic Modeling for Neural Population Activity with Tensor Networks,2026,,,,,0,,,
506,Tensor decomposition based lightweight residual fusion for Multimodal sentiment understanding,2026,,,,,0,,,
509,Tensortrim: dynamic tensor-train decomposition for efficient neural network compression,2026,,,,,0,,,
564,A Born Machine Approach to Controllable Text Generation with Language Models,,,,,,0,,,
565,A Renormalization Framework for the Qualitative Theory of Entangled Systems,,,,,,0,,,
566,Supplemental Material to Tensor Networks for Probabilistic Sequence Modeling,,,,,,0,,,
567,TensorSpike: Tractable Probabilistic Modeling for Neural Spike Trains with Tensor Networks,,,,,,0,,,
568,Variational Algorithms in Quantum Artificial Intelligence,,,,,,0,,,
569,Variational Quantum Circuits for Efficient Transformer Attention,,,,,,0,,,
