idx,file,status,source,bytes
0,1989_Mutual_information_functions_of_natural_language_t.pdf,fail,https://www.researchgate.net/profile/Wentian-Li/publication/253562758_Mutual_Information_Functions_of_Natural_Language_Texts/links/560029ee08ae07629e5286ac/Mutual-Information-Functions-of-Natural-Lang,0
1,2002_Entanglement_quantum_phase_transitions_and_density.pdf,ok,https://arxiv.org/pdf/quant-ph/0109024,117525
2,2004_Entanglement_entropy_and_quantum_field_theory.pdf,ok,https://arxiv.org/pdf/hep-th/0405152,330386
3,2007_Entanglement_renormalization.pdf,ok,https://arxiv.org/pdf/cond-mat/0512165,263673
4,2008_Area_laws_for_the_entanglement_entropy_a_review.pdf,ok,https://arxiv.org/pdf/0808.3773,1345974
5,2008_Entanglement_renormalization_and_topological_order.pdf,ok,https://arxiv.org/pdf/0712.0348,513302
6,2008_Visualization_of_tree_structured_data_through_gene.pdf,fail,https://www.researchgate.net/profile/Peter-Tino/publication/3304190_Visualization_of_Tree-Structured_Data_Through_Generative_Topographic_Mapping/links/09e4150be38b1a9851000000/Visualization-of-Tree-St,0
7,2009_Variational_matrix_product_state_approach_to_quant.pdf,ok,https://arxiv.org/pdf/cond-mat/0504305,269504
8,2010_Colloquium_Area_laws_for_the_entanglement_entropy.pdf,ok,https://webhome.phy.duke.edu/~kotwal/tensorNetworks/eisert_RevModPhys.82.277.pdf,614206
9,2010_Entanglement_renormalization_in_noninteracting_fer.pdf,ok,https://arxiv.org/pdf/0710.0692,402832
10,2010_Entanglement_renormalization_in_free_bosonic_syste.pdf,fail,https://iopscience.iop.org/article/10.1088/1367-2630/12/2/025007/pdf,0
11,2011_Entanglement_renormalization_and_gauge_symmetry.pdf,ok,https://arxiv.org/pdf/1007.4145,3352742
12,2012_Entanglement_entropy_of_Fermi_liquids_via_multidim.pdf,fail,https://link.aps.org/pdf/10.1103/PhysRevX.2.011012,0
13,2013_Multiscale_entanglement_renormalisation_ansatz.pdf,fail,https://helda.helsinki.fi/bitstreams/0d28abbd-44a5-47bb-8851-5a058a14d9dc/download,0
14,2014_Matrix_product_state_applications_for_the_ALPS_pro.pdf,ok,https://arxiv.org/pdf/1407.0872,845135
15,2014_Matrix_product_operators_and_states_NP_hardness_an.pdf,ok,https://arxiv.org/pdf/1404.4466,372665
16,2014_Renormalization_of_entanglement_entropy_and_the_gr.pdf,fail,https://link.springer.com/content/pdf/10.1007/JHEP12(2014)045.pdf,0
17,2015_Tensorizing_neural_networks.pdf,ok,https://proceedings.neurips.cc/paper_files/paper/2015/file/6855456e2fe46a9d49d3d3af4f57443d-Paper.pdf,283169
18,2015_Entanglement_based_machine_learning_on_a_quantum_c.pdf,ok,https://arxiv.org/pdf/1409.7770,813185
19,2015_Mutual_information_area_laws_for_thermal_free_ferm.pdf,ok,https://arxiv.org/pdf/1301.5646,1194845
20,2016_Holographic_duality_from_random_tensor_networks.pdf,fail,https://link.springer.com/content/pdf/10.1007/JHEP11%282016%29009.pdf,0
21,2016_Renormalized_entanglement_entropy.pdf,fail,https://link.springer.com/content/pdf/10.1007/JHEP08(2016)165.pdf,0
22,2017_Quantum_entanglement_growth_under_random_unitary_d.pdf,fail,https://link.aps.org/pdf/10.1103/PhysRevX.7.031016,0
23,2017_Quantum_entanglement_in_neural_network_states.pdf,fail,https://link.aps.org/pdf/10.1103/PhysRevX.7.021021,0
24,2017_Machine_learning_topological_states.pdf,ok,https://arxiv.org/pdf/1609.09060,2348888
25,2017_Tensor_networks_for_dimensionality_reduction_and_l.pdf,ok,https://arxiv.org/pdf/1708.09165,5292908
26,2017_Tensor_train_recurrent_neural_networks_for_video_c.pdf,ok,http://proceedings.mlr.press/v70/yang17e/yang17e.pdf,642998
27,2017_Compressing_recurrent_neural_network_with_tensor_t.pdf,ok,https://arxiv.org/pdf/1705.08052,339167
28,2017_Neural_networks_compression_for_language_modeling.pdf,ok,https://arxiv.org/pdf/1708.05963,142530
29,2017_Tensor_network_language_model.pdf,ok,https://arxiv.org/pdf/1710.10248,752637
30,2017_Language_as_a_matrix_product_state.pdf,ok,https://arxiv.org/pdf/1711.01416,135653
31,2018_Unsupervised_generative_modeling_using_matrix_prod.pdf,fail,https://link.aps.org/pdf/10.1103/PhysRevX.8.031012,0
32,2018_Entanglement_entropy_holography_and_renormalizatio.pdf,ok,https://arxiv.org/pdf/1801.10352,1812636
33,2018_Wide_compression_Tensor_ring_nets.pdf,ok,https://openaccess.thecvf.com/content_cvpr_2018/papers/Wang_Wide_Compression_Tensor_CVPR_2018_paper.pdf,882639
34,2018_Learning_relevant_features_of_data_with_multi_scal.pdf,ok,https://arxiv.org/pdf/1801.00315,1187940
35,2018_Experimental_machine_learning_of_quantum_states.pdf,ok,https://arxiv.org/pdf/1712.00456,3885703
36,2018_Information_perspective_to_probabilistic_modeling_.pdf,fail,,0
37,2018_Machine_learning_spatial_geometry_from_entanglemen.pdf,ok,https://arxiv.org/pdf/1709.01223,1644254
38,2018_A_tensor_based_Bayesian_probabilistic_model_for_ci.pdf,fail,https://www.sciencedirect.com/science/article/am/pii/S0968090X18303103,0
39,2018_Matrix_product_operators_for_sequence_to_sequence_.pdf,ok,https://arxiv.org/pdf/1803.10908,1015905
40,2018_Tensor_train_neighborhood_preserving_embedding.pdf,ok,https://arxiv.org/pdf/1712.00828,718282
41,2018_Ergodicity_entanglement_and_many_body_localization.pdf,ok,https://www.pks.mpg.de/~tcqs14/Abstracts_Talks.pdf,362697
42,2018_LTNN_A_layerwise_tensorized_compression_of_multila.pdf,fail,,0
43,2018_Tensorial_neural_networks_Generalization_of_neural.pdf,ok,https://arxiv.org/pdf/1805.10352,506811
44,2018_Entanglement_guided_architectures_of_machine_learn.pdf,ok,https://arxiv.org/pdf/1803.09111,1589403
45,2018_Renormalization_of_Entanglement_Entropy_from_topol.pdf,fail,https://link.aps.org/pdf/10.1103/PhysRevD.97.106011,0
46,2018_Compressing_End_to_end_ASR_Networks_by_Tensor_Trai.pdf,ok,https://www.isca-archive.org/interspeech_2018/mori18_interspeech.pdf,319567
47,2019_Reconstructing_quantum_states_with_generative_mode.pdf,ok,https://arxiv.org/pdf/1810.10584,3278201
48,2019_Quantum_entanglement_in_deep_learning_architecture.pdf,ok,https://arxiv.org/pdf/1803.09780,2442097
49,2019_Tree_tensor_networks_for_generative_modeling.pdf,ok,https://arxiv.org/pdf/1901.02217,663457
50,2019_A_tensorized_transformer_for_language_modeling.pdf,ok,https://proceedings.neurips.cc/paper_files/paper/2019/file/dc960c46c38bd16e953d97cdeefdbc68-Paper.pdf,479731
51,2019_Expressive_power_of_tensor_network_factorizations_.pdf,ok,https://proceedings.neurips.cc/paper_files/paper/2019/file/b86e8d03fe992d1b0e19656875ee557c-Paper.pdf,1237406
52,2019_Machine_learning_by_unitary_tensor_network_of_hier.pdf,fail,https://iopscience.iop.org/article/10.1088/1367-2630/ab31ef/pdf,0
53,2019_Compressing_recurrent_neural_networks_with_tensor_.pdf,ok,https://aaai.org/ojs/index.php/AAAI/article/view/4393/4271,746990
54,2019_TIE_Energy_efficient_tensor_train_based_inference_.pdf,fail,https://dl.acm.org/doi/pdf/10.1145/3307650.3322258,0
55,2019_Matrix_product_state_based_quantum_classifier.pdf,ok,https://arxiv.org/pdf/1905.01426,633995
56,2019_Compression_of_recurrent_neural_networks_for_effic.pdf,ok,https://arxiv.org/pdf/1902.02380,382542
57,2019_Probabilistic_modeling_with_matrix_product_states.pdf,fail,,0
58,2019_Mutual_information_scaling_and_expressive_power_of.pdf,ok,https://arxiv.org/pdf/1905.04271,1421601
59,2019_Entanglement_at_a_scale_and_renormalization_monoto.pdf,fail,https://link.springer.com/content/pdf/10.1007/JHEP01%282019%29219.pdf,0
60,2019_Learning_high_dimensional_probability_distribution.pdf,ok,https://arxiv.org/pdf/1912.07913,398690
61,2020_Variational_quantum_circuits_for_deep_reinforcemen.pdf,fail,https://ieeexplore.ieee.org/iel7/6287639/8948470/09144562.pdf,0
62,2020_Encoding_of_matrix_product_states_into_quantum_cir.pdf,ok,https://arxiv.org/pdf/1908.07958,1494992
63,2020_An_overview_of_neural_network_compression.pdf,ok,https://arxiv.org/pdf/2006.03669,5176199
64,2020_Convolutional_tensor_train_LSTM_for_spatio_tempora.pdf,ok,https://proceedings.neurips.cc/paper_files/paper/2020/file/9e1a36515d6704d7eb7a30d783400e5d-Paper.pdf,2349481
65,2020_Compressing_pre_trained_language_models_by_matrix_.pdf,ok,https://aclanthology.org/2020.aacl-main.88.pdf,360068
66,2020_From_probabilistic_graphical_models_to_generalized.pdf,fail,https://ieeexplore.ieee.org/iel7/6287639/8948470/09058650.pdf,0
67,2020_Generative_tensor_network_classification_model_for.pdf,ok,https://arxiv.org/pdf/1903.10742,3828602
68,2020_Deep_convolutional_neural_network_compression_via_.pdf,fail,,0
69,2020_Compressing_3DCNNs_based_on_tensor_train_decomposi.pdf,ok,https://arxiv.org/pdf/1912.03647,1772322
70,2020_Tensor_train_construction_from_tensor_actions_with.pdf,ok,https://arxiv.org/pdf/2002.06244,573744
71,2020_Residual_matrix_product_state_for_machine_learning.pdf,ok,https://arxiv.org/pdf/2012.11841,1935132
72,2020_Tensorcoder_Dimension_wise_attention_via_tensor_re.pdf,ok,https://arxiv.org/pdf/2008.01547,548681
73,2020_Tensorized_transformer_for_dynamical_systems_model.pdf,ok,https://arxiv.org/pdf/2006.03445,775854
74,2020_Compressing_lstm_networks_by_matrix_product_operat.pdf,ok,https://arxiv.org/pdf/2012.11943,591116
75,2020_Learning_phase_transition_in_Ising_model_with_tens.pdf,ok,https://tensorworkshop.github.io/NeurIPS2020/accepted_papers/NIPS_PEPS.pdf,521720
76,2020_Adaptive_tensor_train_decomposition_for_neural_net.pdf,fail,https://www.researchgate.net/profile/Yanwei-Zheng-2/publication/349472298_Adaptive_Tensor-Train_Decomposition_for_Neural_Network_Compression/links/60e64d2730e8e50c01eb5fdf/Adaptive-Tensor-Train-Decomp,0
77,2021_Matrix_product_states_and_projected_entangled_pair.pdf,ok,https://arxiv.org/pdf/2011.12127,1350489
78,2021_Improving_multimodal_fusion_with_hierarchical_mutu.pdf,ok,https://aclanthology.org/2021.emnlp-main.723.pdf,723852
79,2021_Is_attention_better_than_matrix_decomposition.pdf,ok,https://arxiv.org/pdf/2109.04553,1179081
80,2021_Probabilistic_transformer_for_time_series_analysis.pdf,ok,https://proceedings.neurips.cc/paper_files/paper/2021/file/c68bd9055776bf38d8fc43c0ed283678-Paper.pdf,2555960
81,2021_Tt_rec_Tensor_train_compression_for_deep_learning_.pdf,ok,https://proceedings.mlsys.org/paper_files/paper/2021/file/1c4534ff58dab447545594c4863239b3-Paper.pdf,2538530
82,2021_Towards_efficient_tensor_decomposition_based_dnn_m.pdf,ok,https://arxiv.org/pdf/2107.12422,788786
83,2021_Entangled_datasets_for_quantum_machine_learning.pdf,ok,https://arxiv.org/pdf/2109.03400,5456696
84,2021_Supervised_learning_with_projected_entangled_pair_.pdf,ok,https://arxiv.org/pdf/2009.09932,1398991
85,2021_Accurate_simulation_for_finite_projected_entangled.pdf,ok,https://arxiv.org/pdf/1908.09359,2138695
86,2021_Tensor_networks_for_probabilistic_sequence_modelin.pdf,ok,http://proceedings.mlr.press/v130/miller21a/miller21a.pdf,472070
87,2021_Hybrid_convolutional_neural_network_and_projected_.pdf,ok,https://arxiv.org/pdf/2009.14370,489154
88,2021_Generative_machine_learning_with_tensor_networks_B.pdf,fail,https://link.aps.org/pdf/10.1103/PhysRevResearch.3.023010,0
89,2021_Direct_sampling_of_projected_entangled_pair_states.pdf,ok,https://arxiv.org/pdf/2109.07356,1158698
90,2021_Enabling_lightweight_fine_tuning_for_pre_trained_l.pdf,ok,https://aclanthology.org/2021.acl-long.418.pdf,467098
91,2021_Tree_tensor_network_classifiers_for_machine_learni.pdf,ok,https://arxiv.org/pdf/2104.02249,10938577
92,2021_Skeleton_of_matrix_product_state_solvable_models_c.pdf,fail,https://link.aps.org/pdf/10.1103/PhysRevResearch.3.033265,0
93,2021_Free_versus_bound_entanglement_a_NP_hard_problem_t.pdf,ok,https://www.nature.com/articles/s41598-021-98523-6.pdf,2763845
94,2021_Entanglement_based_feature_extraction_by_tensor_ne.pdf,ok,https://www.frontiersin.org/journals/applied-mathematics-and-statistics/articles/10.3389/fams.2021.716044/pdf,1787964
95,2021_Towards_quantifying_information_flows_relative_ent.pdf,ok,https://arxiv.org/pdf/2107.06898,837391
96,2021_Nonlinear_tensor_train_format_for_deep_neural_netw.pdf,fail,,0
97,2021_Image_search_with_text_feedback_by_deep_hierarchic.pdf,fail,https://dl.acm.org/doi/pdf/10.1145/3474085.3475619,0
98,2021_Computable_R_nyi_mutual_information_Area_laws_and_.pdf,ok,https://quantum-journal.org/papers/q-2021-09-14-541/pdf/,744913
99,2021_Quantum_tensor_networks_stochastic_processes_and_w.pdf,ok,http://proceedings.mlr.press/v130/adhikary21a/adhikary21a.pdf,430458
100,2021_TENT_Tensorized_encoder_transformer_for_temperatur.pdf,ok,https://arxiv.org/pdf/2106.14742,2372075
101,2021_Unsupervised_mapping_of_phase_diagrams_of_2D_syste.pdf,ok,https://arxiv.org/pdf/2105.09089,510301
102,2021_On_the_renormalization_of_entanglement_entropy.pdf,fail,https://link.springer.com/content/pdf/10.1007/s43673-021-00032-1.pdf,0
103,2021_Probabilistic_graphical_models_and_tensor_networks.pdf,ok,https://arxiv.org/pdf/2106.15666,1317740
104,2021_TextTN_Probabilistic_encoding_of_language_on_tenso.pdf,fail,https://openreview.net/pdf?id=uUTx2LOBMV,0
105,2021_Matrix_product_states_for_inference_in_discrete_pr.pdf,ok,http://www.jmlr.org/papers/volume22/18-431/18-431.pdf,2951470
106,2021_A_tensorized_spectral_attention_mechanism_for_effi.pdf,ok,https://tensorworkshop.github.io/NeurIPS2021/accepted_papers/Tensorized_Spectral_Attention.pdf,1102034
107,2021_Matrix_Product_State_Representations_for_Machine_L.pdf,fail,,0
108,2022_Enhancing_generative_models_via_quantum_correlatio.pdf,fail,https://link.aps.org/pdf/10.1103/PhysRevX.12.021037,0
109,2022_Tensor_program_optimization_with_probabilistic_pro.pdf,ok,https://proceedings.neurips.cc/paper_files/paper/2022/file/e894eafae43e68b4c8dfdacf742bcbf3-Paper-Conference.pdf,3001683
110,2022_Entanglement_phase_transitions_in_random_stabilize.pdf,ok,https://arxiv.org/pdf/2107.12376,4937649
111,2022_Testing_matrix_product_states.pdf,ok,https://arxiv.org/pdf/2201.01824,349299
112,2022_A_Tensor_Aided_Multiscale_Transformer_for_Remainin.pdf,fail,,0
113,2022_Mutual_information_scaling_for_tensor_network_mach.pdf,fail,https://iopscience.iop.org/article/10.1088/2632-2153/ac44a9/pdf,0
114,2022_Entanglement_quantification_from_collective_measur.pdf,fail,,0
115,2022_Generative_modeling_with_projected_entangled_pair_.pdf,ok,https://arxiv.org/pdf/2202.08177,577996
116,2022_Born_machine_model_based_on_matrix_product_state_q.pdf,fail,,0
117,2022_Conditional_Born_machine_for_Monte_Carlo_event_gen.pdf,fail,https://link.aps.org/pdf/10.1103/PhysRevA.106.022612,0
118,2022_Language_design_as_information_renormalization.pdf,ok,https://arxiv.org/pdf/1708.01525,4054370
119,2022_Toward_compact_transformers_for_end_to_end_object_.pdf,fail,,0
120,2022_Deeply_tensor_compressed_transformers_for_end_to_e.pdf,ok,https://ojs.aaai.org/index.php/AAAI/article/download/20397/20156,271309
121,2022_Explainable_natural_language_processing_with_matri.pdf,fail,https://iopscience.iop.org/article/10.1088/1367-2630/ac6232/pdf,0
122,2022_Heat_Hardware_efficient_automatic_tensor_decomposi.pdf,ok,https://arxiv.org/pdf/2211.16749,11165236
123,2022_Convolutional_neural_network_compression_via_tenso.pdf,ok,https://www.iccs-meeting.org/archive/iccs2022/papers/133520635.pdf,877455
124,2022_Urban_tree_generator_spatio_temporal_and_generativ.pdf,fail,https://par.nsf.gov/servlets/purl/10358340,0
125,2022_Ensemble_of_tensor_train_decomposition_and_quantiz.pdf,fail,,0
126,2022_Learning_generative_models_for_active_inference_us.pdf,ok,https://arxiv.org/pdf/2208.08713,566709
127,2022_Entangling_Solid_Solutions_Machine_Learning_of_Ten.pdf,ok,https://arxiv.org/pdf/2203.09613,2537576
128,2023_Losparse_Structured_compression_of_large_language_.pdf,ok,https://proceedings.mlr.press/v202/li23ap/li23ap.pdf,449904
129,2023_Tensor_networks_meet_neural_networks_A_survey_and_.pdf,ok,https://arxiv.org/pdf/2302.09019,2749880
130,2023_Tensorgpt_Efficient_compression_of_large_language_.pdf,ok,https://arxiv.org/pdf/2307.00526,2017079
131,2023_Verification_of_the_area_law_of_mutual_information.pdf,ok,https://arxiv.org/pdf/2206.10563,2720202
132,2023_Tensor_networks_for_unsupervised_machine_learning.pdf,ok,https://arxiv.org/pdf/2106.12974,2176781
133,2023_Simulating_quantum_circuits_using_tree_tensor_netw.pdf,ok,https://quantum-journal.org/papers/q-2023-03-30-964/pdf/,879452
134,2023_Tensor_decomposition_for_model_reduction_in_neural.pdf,ok,https://arxiv.org/pdf/2304.13539,2475512
135,2023_Tensor_networks_for_interpretable_and_efficient_qu.pdf,fail,https://spj.science.org/doi/pdf/10.34133/icomputing.0061,0
136,2023_An_introduction_to_infinite_projected_entangled_pa.pdf,ok,https://arxiv.org/pdf/2308.12358,795160
137,2023_PROTES_probabilistic_optimization_with_tensor_samp.pdf,ok,https://proceedings.neurips.cc/paper_files/paper/2023/file/028957869e560af14243ac37663a471e-Paper-Conference.pdf,1298693
138,2023_Detecting_genuine_multipartite_entanglement_via_ma.pdf,ok,https://arxiv.org/pdf/2311.17548,1083146
139,2023_Typical_correlation_length_of_sequentially_generat.pdf,fail,https://link.aps.org/pdf/10.1103/PRXQuantum.4.030330,0
140,2023_Renormalization_group_for_measurement_and_entangle.pdf,ok,https://arxiv.org/pdf/2303.07848,799284
141,2023_Symmetric_tensor_networks_for_generative_modeling_.pdf,fail,https://iopscience.iop.org/article/10.1088/2632-2153/ace0f5/pdf,0
142,2023_ETTE_Efficient_tensor_train_based_computing_engine.pdf,fail,https://dl.acm.org/doi/pdf/10.1145/3579371.3589103,0
143,2023_Introducing_nonlinear_activations_into_quantum_gen.pdf,ok,https://arxiv.org/pdf/2205.14506,1325212
144,2023_Generative_learning_of_continuous_data_by_tensor_n.pdf,ok,https://arxiv.org/pdf/2310.20498,2931919
145,2023_TT_Net_Tensorized_Transformer_Network_for_3D_medic.pdf,fail,,0
146,2023_Generative_modeling_via_tree_tensor_network_states.pdf,ok,https://arxiv.org/pdf/2209.01341,3471479
147,2023_Tree_Invent_a_novel_multipurpose_molecular_generat.pdf,fail,,0
148,2023_Multi_layered_projected_entangled_pair_states_for_.pdf,fail,,0
149,2023_Sequence_processing_with_quantum_tensor_networks.pdf,ok,https://arxiv.org/pdf/2308.07865,738748
150,2023_Undirected_probabilistic_model_for_tensor_decompos.pdf,ok,https://proceedings.neurips.cc/paper_files/paper/2023/file/51f9d542dea8bed1f66c8add6ec23c69-Paper-Conference.pdf,541073
151,2023_Distributive_pre_training_of_generative_modeling_u.pdf,ok,https://arxiv.org/pdf/2306.14787,519972
152,2023_On_Translation_Invariant_Matrix_Product_States_and.pdf,ok,https://arxiv.org/pdf/2306.16456,520646
153,2023_An_efficient_tensor_based_transformer_for_industri.pdf,fail,,0
154,2023_Renormalized_Von_Neumann_entropy_with_application_.pdf,fail,https://link.springer.com/content/pdf/10.1007/s11128-023-04059-1.pdf,0
155,2023_Quantum_generative_modeling_of_sequential_data_wit.pdf,ok,https://arxiv.org/pdf/2311.05050,1990860
156,2023_Partial_Tensorized_Transformers_for_Natural_Langua.pdf,ok,https://arxiv.org/pdf/2310.20077,964079
157,2023_Generative_machine_learning_with_tensor_networks.pdf,fail,,0
158,2024_A_survey_on_model_compression_for_large_language_m.pdf,fail,https://direct.mit.edu/tacl/article-pdf/doi/10.1162/tacl_a_00704/2482209/tacl_a_00704.pdf,0
159,2024_Decomposition_of_matrix_product_states_into_shallo.pdf,ok,https://arxiv.org/pdf/2209.00595,2460199
160,2024_Model_compression_and_efficient_inference_for_larg.pdf,ok,https://arxiv.org/pdf/2402.09748,2041413
161,2024_Hydra_Bidirectional_state_space_models_through_gen.pdf,ok,https://proceedings.neurips.cc/paper_files/paper/2024/file/c7f795dc3b4eb6ae630695d90001a2f8-Paper-Conference.pdf,718468
162,2024_Tensor_attention_training_Provably_efficient_learn.pdf,fail,https://openreview.net/pdf?id=HtS2NUcqtD,0
163,2024_Transition_role_of_entangled_data_in_quantum_machi.pdf,ok,https://www.nature.com/articles/s41467-024-47983-1.pdf,1181542
164,2024_A_neural_matrix_decomposition_recommender_system_m.pdf,fail,https://dl.acm.org/doi/pdf/10.1145/3696271.3696295,0
165,2024_Temporal_entanglement_entropy_as_a_probe_of_renorm.pdf,fail,https://link.springer.com/content/pdf/10.1007/JHEP05%282024%29030.pdf,0
166,2024_Compactifai_extreme_compression_of_large_language_.pdf,ok,https://arxiv.org/pdf/2401.14109,1863961
167,2024_Machine_learning_with_tree_tensor_networks_CP_rank.pdf,ok,https://arxiv.org/pdf/2305.19440,1176880
168,2024_Tensor_decomposition_based_attention_module_for_sp.pdf,ok,https://arxiv.org/pdf/2310.14576,1669009
169,2024_Enabling_tensor_language_model_to_assist_in_genera.pdf,ok,https://www.usenix.org/system/files/osdi24-zhai.pdf,2470109
170,2024_Nuclear_norm_regularized_loop_optimization_for_ten.pdf,fail,https://link.aps.org/pdf/10.1103/PhysRevResearch.6.043102,0
171,2024_Quantum_large_language_models_via_tensor_network_d.pdf,ok,https://arxiv.org/pdf/2410.17397,619533
172,2024_Neural_network_compression_based_on_tensor_ring_de.pdf,fail,,0
173,2024_Compressing_multivariate_functions_with_tree_tenso.pdf,ok,https://arxiv.org/pdf/2410.03572,6213836
174,2024_TNGPS_Discovering_unknown_tensor_network_structure.pdf,ok,https://arxiv.org/pdf/2402.02456,3137692
175,2024_Dual_isometric_projected_entangled_pair_states.pdf,fail,https://link.aps.org/pdf/10.1103/PhysRevLett.133.190401,0
176,2024_Identification_of_quantum_entanglement_with_Siames.pdf,ok,https://arxiv.org/pdf/2210.07410,2690613
177,2024_Probabilistic_inference_in_the_era_of_tensor_netwo.pdf,fail,https://link.aps.org/pdf/10.1103/PhysRevResearch.6.033261,0
178,2024_R_nyi_mutual_information_in_quantum_field_theory_t.pdf,fail,https://link.springer.com/content/pdf/10.1007/JHEP06(2024)195.pdf,0
179,2024_Accelerating_large_language_model_training_with_hy.pdf,ok,https://arxiv.org/pdf/2409.02423?,1538351
180,2024_Higher_order_transformers_Efficient_attention_mech.pdf,fail,https://openreview.net/pdf?id=MxGGdhDmv5,0
181,2024_Long_sequence_modeling_with_attention_tensorizatio.pdf,ok,https://aclanthology.org/2024.findings-emnlp.858.pdf,2249294
182,2024_Teaformers_Tensor_augmented_transformers_for_multi.pdf,ok,https://arxiv.org/pdf/2410.20439?,699754
183,2024_Quantum_topic_model_Topic_modeling_using_variation.pdf,fail,,0
184,2024_Tensor_networks_based_learning_of_probabilistic_ce.pdf,fail,https://link.aps.org/pdf/10.1103/PhysRevResearch.6.043202,0
185,2024_Leveraging_pre_trained_neural_networks_to_enhance_.pdf,ok,https://arxiv.org/pdf/2411.08552,4697857
186,2024_Markov_chain_Monte_Carlo_in_tensor_network_represe.pdf,ok,https://arxiv.org/pdf/2412.02974,1873793
187,2024_An_adaptive_tensor_train_decomposition_approach_fo.pdf,ok,https://arxiv.org/pdf/2408.01534,1921423
188,2024_Many_body_localized_hidden_generative_models.pdf,fail,https://link.aps.org/pdf/10.1103/PhysRevResearch.6.043041,0
189,2024_Beyond_Boundaries_efficient_Projected_Entangled_Pa.pdf,ok,https://arxiv.org/pdf/2407.15333,428766
190,2024_Enhancing_Neural_Language_Models_A_Comprehensive_A.pdf,fail,https://www.researchgate.net/profile/Bhaumik-Tyagi/publication/378157352_Enhancing_Neural_Language_Models_A_Comprehensive_Approach_with_Tensorized_Transformer_and_Over-Parameterization/links/65cb32bf7,0
191,2024_Training_Tensor_Attention_Efficiently_From_Cubic_t.pdf,ok,https://arxiv.org/pdf/2405.16411,806632
192,2024_Deep_Learning_and_Tensor_Based_Multiple_Clustering.pdf,fail,,0
193,2024_Enhancing_Generation_Stability_with_Generative_Mat.pdf,fail,,0
194,2024_Generating_Quantum_Circuits_with_Finetuned_Pretrai.pdf,ok,https://matthew9655.github.io/files/thesis.pdf,689310
195,2024_Tensor_Mutual_Information_for_Similarity_Measureme.pdf,fail,,0
196,2025_Quantum_generative_adversarial_network_based_on_th.pdf,fail,,0
197,2025_Tensor_networks_and_efficient_descriptions_of_clas.pdf,fail,https://link.aps.org/pdf/10.1103/PhysRevA.111.032409,0
198,2025_Spin_Kagome_Heisenberg_Antiferromagnet_Machine_Lea.pdf,fail,https://link.aps.org/pdf/10.1103/PhysRevX.15.011047,0
199,2025_Agent_q_fine_tuning_large_language_models_for_quan.pdf,ok,https://arxiv.org/pdf/2504.11109,3485435
200,2025_Entanglement_and_the_density_matrix_renormalizatio.pdf,ok,https://www.nature.com/articles/s41567-025-02961-2.pdf,2379576
201,2025_Thermalization_from_quantum_entanglement_Jet_simul.pdf,fail,https://link.aps.org/pdf/10.1103/sgrx-jpp9,0
202,2025_Direct_entanglement_detection_of_quantum_systems_u.pdf,ok,https://www.nature.com/articles/s41534-025-00970-w.pdf,2980211
203,2025_Tensor_networks_for_explainable_machine_learning_i.pdf,fail,https://papers.ssrn.com/sol3/Delivery.cfm?abstractid=4899212,0
204,2025_A_review_of_state_of_the_art_techniques_for_large_.pdf,fail,https://link.springer.com/content/pdf/10.1007/s40747-025-02019-z.pdf,0
205,2025_Compressing_neural_networks_using_tensor_networks_.pdf,fail,https://spj.science.org/doi/pdf/10.34133/icomputing.0123,0
206,2025_Fermionic_born_machines_Classical_training_of_quan.pdf,ok,https://arxiv.org/pdf/2511.13844,1424270
207,2025_Quantum_large_language_model_fine_tuning.pdf,ok,https://arxiv.org/pdf/2504.08732,635352
208,2025_A_matrix_product_state_model_for_simultaneous_clas.pdf,fail,https://link.springer.com/content/pdf/10.1007/s42484-025-00272-6.pdf,0
209,2025_Application_of_large_language_models_to_quantum_st.pdf,fail,https://www.sciengine.com/doi/pdf/549C67C1B1794F26BC1F34DF5796D4BE,0
210,2025_Simulating_quantum_circuits_using_the_multi_scale_.pdf,fail,https://link.aps.org/pdf/10.1103/PhysRevResearch.7.013063,0
211,2025_Steps_sequential_probability_tensor_estimation_for.pdf,fail,https://openaccess.thecvf.com/content/CVPR2025/papers/Qiu_STEPS_Sequential_Probability_Tensor_Estimation_for_Text-to-Image_Hard_Prompt_Search_CVPR_2025_paper.pdf,0
212,2025_Matrix_product_states_as_observations_of_entangled.pdf,fail,https://arxiv.org/pdf/2502.12641,0
213,2025_Sequence_processing_with_quantum_inspired_tensor_n.pdf,fail,https://www.nature.com/articles/s41598-024-84295-2.pdf,0
214,2025_Tensor_tree_learns_hidden_relational_structures_in.pdf,fail,https://iopscience.iop.org/article/10.1088/2632-2153/adc2c7/pdf,0
215,2025_Trawl_Tensor_reduced_and_approximated_weights_for_.pdf,fail,https://arxiv.org/pdf/2406.17261?,0
216,2025_Embedding_of_tree_tensor_networks_into_shallow_qua.pdf,fail,https://arxiv.org/pdf/2501.18856,0
217,2025_Optimizing_ansatz_design_in_quantum_generative_adv.pdf,fail,https://arxiv.org/pdf/2503.12884,0
218,2025_Bridging_classical_and_quantum_computing_for_next_.pdf,fail,https://ojs.aaai.org/index.php/AAAI-SS/article/download/36909/39047,0
219,2025_Compact_lossy_compression_of_tensors_via_neural_te.pdf,fail,https://link.springer.com/content/pdf/10.1007/s10115-024-02252-x.pdf,0
220,2025_Deep_tree_tensor_networks.pdf,fail,https://arxiv.org/pdf/2502.09928;https://proceedings.neurips.cc/paper_files/paper/2025/file/42d6cda0d721d41ea5751b4bf4d53616-Paper-Conference.pdf,0
221,2025_Discrete_generative_diffusion_models_without_stoch.pdf,fail,https://link.aps.org/pdf/10.1103/PhysRevE.111.025302,0
222,2025_Efficient_projected_entangled_pair_states_methods_.pdf,fail,,0
223,2025_Fieldformer_Self_supervised_reconstruction_of_phys.pdf,fail,https://arxiv.org/pdf/2506.11629,0
224,2025_Improving_the_accuracy_of_the_tree_tensor_network_.pdf,fail,https://arxiv.org/pdf/2501.15514,0
225,2025_Programming_quantum_computers_with_large_language_.pdf,fail,https://arxiv.org/pdf/2506.18125,0
226,2025_Entanglement_across_scales_Quantics_tensor_trains_.pdf,fail,https://link.aps.org/pdf/10.1103/qlrs-6f8t,0
227,2025_Deep_tensor_decomposition_A_survey.pdf,fail,https://engineering.lehigh.edu/sites/engineering.lehigh.edu/files/_DEPARTMENTS/ise/pdf/tech-papers/25/25T_022.pdf,0
228,2025_Scalable_quantum_state_preparation_via_large_langu.pdf,fail,https://arxiv.org/pdf/2505.06347,0
229,2025_Sequential_learning_on_a_tensor_network_Born_machi.pdf,fail,https://iopscience.iop.org/article/10.1088/2632-2153/adde29/pdf,0
230,2025_Regularized_second_order_optimization_of_tensor_ne.pdf,fail,https://arxiv.org/pdf/2501.18691,0
231,2025_TensorSLM_Energy_efficient_embedding_compression_o.pdf,fail,https://arxiv.org/pdf/2506.13514,0
232,2025_Tree_Tensor_Network_Quantum_Classical_Hybrid_Neura.pdf,fail,https://dl.futuretechsci.org/id/eprint/121/1/JIMAT%20Template_5%20%2834-39%29.pdf,0
233,2025_Compositional_Concept_Generalization_with_Variatio.pdf,fail,https://arxiv.org/pdf/2509.09541?,0
234,2025_Initialization_and_training_of_matrix_product_stat.pdf,fail,https://arxiv.org/pdf/2505.06419,0
235,2025_Representation_theorems_for_matrix_product_states.pdf,fail,https://arxiv.org/pdf/2103.08277,0
236,2025_Saten_Sparse_Augmented_Tensor_Networks_for_Post_Tr.pdf,fail,https://aclanthology.org/anthology-files/pdf/findings/2025.findings-emnlp.1287.pdf,0
237,2025_Share_Token_Tensorized_Attention_Fusion_Enhancing_.pdf,fail,,0
238,2025_Tensorized_attention_for_understanding_multi_objec.pdf,fail,https://ojs.aaai.org/index.php/AAAI/article/download/34675/36830,0
239,2025_Towards_robust_scale_invariant_mutual_information_.pdf,fail,https://openreview.net/pdf?id=vB7Wvytko5,0
240,2025_Circuit_partitioning_using_large_language_models_f.pdf,fail,https://arxiv.org/pdf/2505.07711,0
241,2025_Compression_of_Convolutional_Neural_Networks_Emplo.pdf,fail,,0
242,2025_Efficient_Probabilistic_Tensor_Networks.pdf,fail,https://arxiv.org/pdf/2510.00382,0
243,2025_Hybrid_quantum_transformer_for_language_generation.pdf,fail,https://arxiv.org/pdf/2511.10653,0
244,2025_LLM_based_code_generation_for_optimized_quantum_ci.pdf,fail,https://aaltodoc.aalto.fi/bitstreams/275755ae-5be1-47b4-b38a-4704338a596b/download,0
245,2025_Multilingual_machine_translation_with_quantum_enco.pdf,fail,https://arxiv.org/pdf/2505.09407?,0
246,2025_Quantum_Natural_Language_Processing_A_Comprehensiv.pdf,fail,https://aclanthology.org/anthology-files/anthology-files/pdf/quantumnlp/2025.quantumnlp-1.pdf#page=60,0
247,2025_Tensor_Based_Compression_of_Neural_Networks.pdf,fail,https://papers.ssrn.com/sol3/Delivery.cfm?abstractid=5172392,0
248,2025_Efficient_Deep_Generative_Models_for_Spatial_Netwo.pdf,fail,https://dl.acm.org/doi/pdf/10.1145/3774416,0
249,2025_KARIPAP_Quantum_Inspired_Tensor_Network_Compressio.pdf,fail,https://arxiv.org/pdf/2510.21844,0
250,2025_Tensor_Train_Recurrent_Network_Language_Model_Pred.pdf,fail,https://onlinelibrary.wiley.com/doi/pdf/10.1002/sta4.70116,0
251,2025_TNSPC_Learning_from_Partially_Observed_Data_Using_.pdf,fail,,0
252,2026_Tensor_product_attention_is_all_you_need.pdf,fail,https://proceedings.neurips.cc/paper_files/paper/2025/file/a301ec7cb9e07dc050403e2eb11d0041-Paper-Conference.pdf,0
253,2026_A_comprehensive_survey_of_compression_algorithms_f.pdf,fail,https://dl.acm.org/doi/pdf/10.1145/3819816,0
254,2026_A_comprehensive_survey_on_large_language_model_com.pdf,fail,,0
255,2026_LM_Mutual_Information_Scaling_Law_for_Long_Context.pdf,fail,https://proceedings.neurips.cc/paper_files/paper/2025/file/c9da56addea9c977cf4ba873e1da979d-Paper-Conference.pdf,0
256,2026_Entanglement_detection_and_quantification_through_.pdf,fail,,0
257,2026_Generative_Model_Predictive_Control_in_Manufacturi.pdf,fail,https://arxiv.org/pdf/2511.17865,0
258,2026_Generative_modeling_with_gaussian_boson_sampling_c.pdf,fail,https://arxiv.org/pdf/2603.11195,0
259,2026_On_device_large_language_models_a_survey_of_model_.pdf,fail,https://link.springer.com/content/pdf/10.1007/s10462-026-11538-1.pdf,0
203,2025_Tensor_networks_for_explainable_machine_learning_i.pdf,fail,https://papers.ssrn.com/sol3/Delivery.cfm?abstractid=4899212,0
205,2025_Compressing_neural_networks_using_tensor_networks_.pdf,fail,https://spj.science.org/doi/pdf/10.34133/icomputing.0123,0
209,2025_Application_of_large_language_models_to_quantum_st.pdf,fail,https://www.sciengine.com/doi/pdf/549C67C1B1794F26BC1F34DF5796D4BE,0
214,2025_Tensor_tree_learns_hidden_relational_structures_in.pdf,fail,https://iopscience.iop.org/article/10.1088/2632-2153/adc2c7/pdf,0
222,2025_Efficient_projected_entangled_pair_states_methods_.pdf,fail,,0
223,2025_Fieldformer_Self_supervised_reconstruction_of_phys.pdf,fail,https://arxiv.org/pdf/2506.11629,0
229,2025_Sequential_learning_on_a_tensor_network_Born_machi.pdf,fail,https://iopscience.iop.org/article/10.1088/2632-2153/adde29/pdf,0
231,2025_TensorSLM_Energy_efficient_embedding_compression_o.pdf,fail,https://arxiv.org/pdf/2506.13514,0
235,2025_Representation_theorems_for_matrix_product_states.pdf,ok,https://arxiv.org/pdf/2103.08277,257882
236,2025_Saten_Sparse_Augmented_Tensor_Networks_for_Post_Tr.pdf,ok,https://aclanthology.org/anthology-files/pdf/findings/2025.findings-emnlp.1287.pdf,879946
237,2025_Share_Token_Tensorized_Attention_Fusion_Enhancing_.pdf,fail,,0
238,2025_Tensorized_attention_for_understanding_multi_objec.pdf,ok,https://ojs.aaai.org/index.php/AAAI/article/download/34675/36830,428773
239,2025_Towards_robust_scale_invariant_mutual_information_.pdf,fail,https://openreview.net/pdf?id=vB7Wvytko5,0
240,2025_Circuit_partitioning_using_large_language_models_f.pdf,ok,https://arxiv.org/pdf/2505.07711,505007
241,2025_Compression_of_Convolutional_Neural_Networks_Emplo.pdf,fail,,0
242,2025_Efficient_Probabilistic_Tensor_Networks.pdf,ok,https://arxiv.org/pdf/2510.00382,621315
243,2025_Hybrid_quantum_transformer_for_language_generation.pdf,ok,https://arxiv.org/pdf/2511.10653,1195558
244,2025_LLM_based_code_generation_for_optimized_quantum_ci.pdf,ok,https://aaltodoc.aalto.fi/bitstreams/275755ae-5be1-47b4-b38a-4704338a596b/download,3236544
245,2025_Multilingual_machine_translation_with_quantum_enco.pdf,fail,https://arxiv.org/pdf/2505.09407?,0
246,2025_Quantum_Natural_Language_Processing_A_Comprehensiv.pdf,fail,https://aclanthology.org/anthology-files/anthology-files/pdf/quantumnlp/2025.quantumnlp-1.pdf#page=60,0
247,2025_Tensor_Based_Compression_of_Neural_Networks.pdf,fail,https://papers.ssrn.com/sol3/Delivery.cfm?abstractid=5172392,0
248,2025_Efficient_Deep_Generative_Models_for_Spatial_Netwo.pdf,fail,https://dl.acm.org/doi/pdf/10.1145/3774416,0
249,2025_KARIPAP_Quantum_Inspired_Tensor_Network_Compressio.pdf,ok,https://arxiv.org/pdf/2510.21844,678407
250,2025_Tensor_Train_Recurrent_Network_Language_Model_Pred.pdf,fail,https://onlinelibrary.wiley.com/doi/pdf/10.1002/sta4.70116,0
251,2025_TNSPC_Learning_from_Partially_Observed_Data_Using_.pdf,fail,,0
252,2026_Tensor_product_attention_is_all_you_need.pdf,ok,https://proceedings.neurips.cc/paper_files/paper/2025/file/a301ec7cb9e07dc050403e2eb11d0041-Paper-Conference.pdf,3879910
253,2026_A_comprehensive_survey_of_compression_algorithms_f.pdf,fail,https://dl.acm.org/doi/pdf/10.1145/3819816,0
254,2026_A_comprehensive_survey_on_large_language_model_com.pdf,fail,,0
255,2026_LM_Mutual_Information_Scaling_Law_for_Long_Context.pdf,ok,https://proceedings.neurips.cc/paper_files/paper/2025/file/c9da56addea9c977cf4ba873e1da979d-Paper-Conference.pdf,2101597
256,2026_Entanglement_detection_and_quantification_through_.pdf,fail,,0
257,2026_Generative_Model_Predictive_Control_in_Manufacturi.pdf,ok,https://arxiv.org/pdf/2511.17865,4495784
258,2026_Generative_modeling_with_gaussian_boson_sampling_c.pdf,fail,https://arxiv.org/pdf/2603.11195,0
259,2026_On_device_large_language_models_a_survey_of_model_.pdf,ok,https://link.springer.com/content/pdf/10.1007/s10462-026-11538-1.pdf,3057855
0,1989_Mutual_information_functions_of_natural_language_t.pdf,fail,https://www.researchgate.net/profile/Wentian-Li/publication/253562758_Mutual_Information_Functions_of_Natural_Language_Texts/links/560029ee08ae07629e5286ac/Mutual-Information-Functions-of-Natural-Lang,0
6,2008_Visualization_of_tree_structured_data_through_gene.pdf,fail,https://www.researchgate.net/profile/Peter-Tino/publication/3304190_Visualization_of_Tree-Structured_Data_Through_Generative_Topographic_Mapping/links/09e4150be38b1a9851000000/Visualization-of-Tree-St,0
10,2010_Entanglement_renormalization_in_free_bosonic_syste.pdf,fail,https://iopscience.iop.org/article/10.1088/1367-2630/12/2/025007/pdf,0
12,2012_Entanglement_entropy_of_Fermi_liquids_via_multidim.pdf,ok,https://link.aps.org/pdf/10.1103/PhysRevX.2.011012,736775
13,2013_Multiscale_entanglement_renormalisation_ansatz.pdf,fail,https://helda.helsinki.fi/bitstreams/0d28abbd-44a5-47bb-8851-5a058a14d9dc/download,0
16,2014_Renormalization_of_entanglement_entropy_and_the_gr.pdf,ok,https://link.springer.com/content/pdf/10.1007/JHEP12(2014)045.pdf,489112
20,2016_Holographic_duality_from_random_tensor_networks.pdf,ok,https://link.springer.com/content/pdf/10.1007/JHEP11%282016%29009.pdf,1665631
21,2016_Renormalized_entanglement_entropy.pdf,ok,https://link.springer.com/content/pdf/10.1007/JHEP08(2016)165.pdf,664924
22,2017_Quantum_entanglement_growth_under_random_unitary_d.pdf,ok,https://link.aps.org/pdf/10.1103/PhysRevX.7.031016,2014331
23,2017_Quantum_entanglement_in_neural_network_states.pdf,ok,https://link.aps.org/pdf/10.1103/PhysRevX.7.021021,1236140
31,2018_Unsupervised_generative_modeling_using_matrix_prod.pdf,ok,https://link.aps.org/pdf/10.1103/PhysRevX.8.031012,768542
36,2018_Information_perspective_to_probabilistic_modeling_.pdf,fail,,0
38,2018_A_tensor_based_Bayesian_probabilistic_model_for_ci.pdf,fail,https://www.sciencedirect.com/science/article/am/pii/S0968090X18303103,0
42,2018_LTNN_A_layerwise_tensorized_compression_of_multila.pdf,fail,,0
45,2018_Renormalization_of_Entanglement_Entropy_from_topol.pdf,ok,https://link.aps.org/pdf/10.1103/PhysRevD.97.106011,292874
52,2019_Machine_learning_by_unitary_tensor_network_of_hier.pdf,fail,https://iopscience.iop.org/article/10.1088/1367-2630/ab31ef/pdf,0
54,2019_TIE_Energy_efficient_tensor_train_based_inference_.pdf,fail,https://dl.acm.org/doi/pdf/10.1145/3307650.3322258,0
57,2019_Probabilistic_modeling_with_matrix_product_states.pdf,fail,,0
59,2019_Entanglement_at_a_scale_and_renormalization_monoto.pdf,ok,https://link.springer.com/content/pdf/10.1007/JHEP01%282019%29219.pdf,465282
61,2020_Variational_quantum_circuits_for_deep_reinforcemen.pdf,fail,https://ieeexplore.ieee.org/iel7/6287639/8948470/09144562.pdf,0
66,2020_From_probabilistic_graphical_models_to_generalized.pdf,fail,https://ieeexplore.ieee.org/iel7/6287639/8948470/09058650.pdf,0
68,2020_Deep_convolutional_neural_network_compression_via_.pdf,fail,,0
76,2020_Adaptive_tensor_train_decomposition_for_neural_net.pdf,fail,https://www.researchgate.net/profile/Yanwei-Zheng-2/publication/349472298_Adaptive_Tensor-Train_Decomposition_for_Neural_Network_Compression/links/60e64d2730e8e50c01eb5fdf/Adaptive-Tensor-Train-Decomp,0
88,2021_Generative_machine_learning_with_tensor_networks_B.pdf,ok,https://link.aps.org/pdf/10.1103/PhysRevResearch.3.023010,5670044
92,2021_Skeleton_of_matrix_product_state_solvable_models_c.pdf,ok,https://link.aps.org/pdf/10.1103/PhysRevResearch.3.033265,1380141
96,2021_Nonlinear_tensor_train_format_for_deep_neural_netw.pdf,fail,,0
97,2021_Image_search_with_text_feedback_by_deep_hierarchic.pdf,fail,https://dl.acm.org/doi/pdf/10.1145/3474085.3475619,0
102,2021_On_the_renormalization_of_entanglement_entropy.pdf,ok,https://link.springer.com/content/pdf/10.1007/s43673-021-00032-1.pdf,600238
104,2021_TextTN_Probabilistic_encoding_of_language_on_tenso.pdf,fail,https://openreview.net/pdf?id=uUTx2LOBMV,0
107,2021_Matrix_Product_State_Representations_for_Machine_L.pdf,fail,,0
108,2022_Enhancing_generative_models_via_quantum_correlatio.pdf,ok,https://link.aps.org/pdf/10.1103/PhysRevX.12.021037,1156620
112,2022_A_Tensor_Aided_Multiscale_Transformer_for_Remainin.pdf,fail,,0
113,2022_Mutual_information_scaling_for_tensor_network_mach.pdf,fail,https://iopscience.iop.org/article/10.1088/2632-2153/ac44a9/pdf,0
114,2022_Entanglement_quantification_from_collective_measur.pdf,fail,,0
116,2022_Born_machine_model_based_on_matrix_product_state_q.pdf,fail,,0
117,2022_Conditional_Born_machine_for_Monte_Carlo_event_gen.pdf,ok,https://link.aps.org/pdf/10.1103/PhysRevA.106.022612,1524045
119,2022_Toward_compact_transformers_for_end_to_end_object_.pdf,fail,,0
121,2022_Explainable_natural_language_processing_with_matri.pdf,fail,https://iopscience.iop.org/article/10.1088/1367-2630/ac6232/pdf,0
124,2022_Urban_tree_generator_spatio_temporal_and_generativ.pdf,fail,https://par.nsf.gov/servlets/purl/10358340,0
125,2022_Ensemble_of_tensor_train_decomposition_and_quantiz.pdf,fail,,0
135,2023_Tensor_networks_for_interpretable_and_efficient_qu.pdf,fail,https://spj.science.org/doi/pdf/10.34133/icomputing.0061,0
139,2023_Typical_correlation_length_of_sequentially_generat.pdf,ok,https://link.aps.org/pdf/10.1103/PRXQuantum.4.030330,14858406
141,2023_Symmetric_tensor_networks_for_generative_modeling_.pdf,fail,https://iopscience.iop.org/article/10.1088/2632-2153/ace0f5/pdf,0
142,2023_ETTE_Efficient_tensor_train_based_computing_engine.pdf,fail,https://dl.acm.org/doi/pdf/10.1145/3579371.3589103,0
145,2023_TT_Net_Tensorized_Transformer_Network_for_3D_medic.pdf,fail,,0
147,2023_Tree_Invent_a_novel_multipurpose_molecular_generat.pdf,fail,,0
148,2023_Multi_layered_projected_entangled_pair_states_for_.pdf,fail,,0
153,2023_An_efficient_tensor_based_transformer_for_industri.pdf,fail,,0
157,2023_Generative_machine_learning_with_tensor_networks.pdf,fail,,0
158,2024_A_survey_on_model_compression_for_large_language_m.pdf,fail,https://direct.mit.edu/tacl/article-pdf/doi/10.1162/tacl_a_00704/2482209/tacl_a_00704.pdf,0
162,2024_Tensor_attention_training_Provably_efficient_learn.pdf,fail,https://openreview.net/pdf?id=HtS2NUcqtD,0
164,2024_A_neural_matrix_decomposition_recommender_system_m.pdf,fail,https://dl.acm.org/doi/pdf/10.1145/3696271.3696295,0
172,2024_Neural_network_compression_based_on_tensor_ring_de.pdf,fail,,0
180,2024_Higher_order_transformers_Efficient_attention_mech.pdf,fail,https://openreview.net/pdf?id=MxGGdhDmv5,0
183,2024_Quantum_topic_model_Topic_modeling_using_variation.pdf,fail,,0
190,2024_Enhancing_Neural_Language_Models_A_Comprehensive_A.pdf,fail,https://www.researchgate.net/profile/Bhaumik-Tyagi/publication/378157352_Enhancing_Neural_Language_Models_A_Comprehensive_Approach_with_Tensorized_Transformer_and_Over-Parameterization/links/65cb32bf7,0
192,2024_Deep_Learning_and_Tensor_Based_Multiple_Clustering.pdf,fail,,0
193,2024_Enhancing_Generation_Stability_with_Generative_Mat.pdf,fail,,0
195,2024_Tensor_Mutual_Information_for_Similarity_Measureme.pdf,fail,,0
196,2025_Quantum_generative_adversarial_network_based_on_th.pdf,fail,,0
203,2025_Tensor_networks_for_explainable_machine_learning_i.pdf,fail,https://papers.ssrn.com/sol3/Delivery.cfm?abstractid=4899212,0
205,2025_Compressing_neural_networks_using_tensor_networks_.pdf,fail,https://spj.science.org/doi/pdf/10.34133/icomputing.0123,0
209,2025_Application_of_large_language_models_to_quantum_st.pdf,fail,https://www.sciengine.com/doi/pdf/549C67C1B1794F26BC1F34DF5796D4BE,0
214,2025_Tensor_tree_learns_hidden_relational_structures_in.pdf,fail,https://iopscience.iop.org/article/10.1088/2632-2153/adc2c7/pdf,0
222,2025_Efficient_projected_entangled_pair_states_methods_.pdf,fail,,0
223,2025_Fieldformer_Self_supervised_reconstruction_of_phys.pdf,ok,https://arxiv.org/pdf/2506.11629,1958532
229,2025_Sequential_learning_on_a_tensor_network_Born_machi.pdf,fail,https://iopscience.iop.org/article/10.1088/2632-2153/adde29/pdf,0
237,2025_Share_Token_Tensorized_Attention_Fusion_Enhancing_.pdf,fail,,0
239,2025_Towards_robust_scale_invariant_mutual_information_.pdf,fail,https://openreview.net/pdf?id=vB7Wvytko5,0
241,2025_Compression_of_Convolutional_Neural_Networks_Emplo.pdf,fail,,0
246,2025_Quantum_Natural_Language_Processing_A_Comprehensiv.pdf,fail,https://aclanthology.org/anthology-files/anthology-files/pdf/quantumnlp/2025.quantumnlp-1.pdf#page=60,0
247,2025_Tensor_Based_Compression_of_Neural_Networks.pdf,fail,https://papers.ssrn.com/sol3/Delivery.cfm?abstractid=5172392,0
248,2025_Efficient_Deep_Generative_Models_for_Spatial_Netwo.pdf,fail,https://dl.acm.org/doi/pdf/10.1145/3774416,0
250,2025_Tensor_Train_Recurrent_Network_Language_Model_Pred.pdf,fail,https://onlinelibrary.wiley.com/doi/pdf/10.1002/sta4.70116,0
251,2025_TNSPC_Learning_from_Partially_Observed_Data_Using_.pdf,fail,,0
253,2026_A_comprehensive_survey_of_compression_algorithms_f.pdf,fail,https://dl.acm.org/doi/pdf/10.1145/3819816,0
254,2026_A_comprehensive_survey_on_large_language_model_com.pdf,fail,,0
256,2026_Entanglement_detection_and_quantification_through_.pdf,fail,,0
261,2026_LeSTD_LLM_Compression_via_Learning_based_Sparse_Te.pdf,fail,https://openreview.net/pdf?id=0oHaazjMUX,0
262,2026_Plastic_tensor_networks_for_interpretable_generati.pdf,fail,https://iopscience.iop.org/article/10.1088/2632-2153/ae3048/pdf,0
273,2026_Artificial_entanglement_in_the_fine_tuning_of_larg.pdf,fail,https://arxiv.org/pdf/2601.06788,0
274,2026_A_general_tensor_structured_compression_scheme_for.pdf,fail,https://arxiv.org/pdf/2605.25344,0
278,2026_Breaking_the_Entanglement_Structure_Trade_off_Many.pdf,ok,https://arxiv.org/pdf/2604.04596,1026804
279,2026_DATT_Dimension_Augmented_Tensor_Train_Decompositio.pdf,fail,,0
282,2026_Meaning_Representations_as_Variational_Quantum_Cir.pdf,fail,https://aclanthology.org/anthology-files/pdf/dmr/2026.dmr-1.pdf#page=125,0
284,2026_On_the_Approximation_Complexity_of_Matrix_Product_.pdf,ok,https://arxiv.org/pdf/2605.11471,4542418
285,2026_Quantum_Circuit_Vision_Cost_Aware_Evaluation_of_Vi.pdf,ok,https://arxiv.org/pdf/2607.10057,658340
286,2026_Quantum_Computing_Meets_Large_Language_Models_Insi.pdf,fail,https://www.techrxiv.org/doi/pdf/10.36227/techrxiv.177004376.69666864/v1,0
290,2026_Sparse_Tensor_Attention_for_Hyperspectral_Unmixing.pdf,fail,,0
291,2026_Stochastic_Optimization_of_Tree_Tensor_Networks.pdf,fail,https://arxiv.org/pdf/2609.00870,0
293,2026_Tensor_Brain_Structured_Probabilistic_Modeling_for.pdf,fail,https://www.jstage.jst.go.jp/article/pjsai/JSAI2026/0/JSAI2026_1YinA49/_pdf,0
294,2026_Tensor_decomposition_based_lightweight_residual_fu.pdf,fail,,0
296,2026_Tensor_Network_Markov_Chain_Monte_Carlo_Efficient_.pdf,ok,https://link.aps.org/pdf/10.1103/96lr-z7tb,1352969
297,2026_Tensortrim_dynamic_tensor_train_decomposition_for_.pdf,fail,,0
298,nd_A_Born_Machine_Approach_to_Controllable_Text_Gener.pdf,fail,https://openreview.net/pdf?id=A6zrZmFpeQ,0
299,nd_A_Renormalization_Framework_for_the_Qualitative_Th.pdf,fail,https://www.researchgate.net/profile/Simon-Gluzman/publication/399996445_A_Renormalization_Framework_for_the_QualitativeTheory_of_Entangled_Systems/links/6a427f172267bf198a6a190e/A-Renormalization-Fra,0
300,nd_Supplemental_Material_to_Tensor_Networks_for_Proba.pdf,ok,http://proceedings.mlr.press/v130/miller21a/miller21a-supp.pdf,328283
301,nd_TensorSpike_Tractable_Probabilistic_Modeling_for_N.pdf,fail,https://openreview.net/pdf?id=i37ukD43nT,0
302,nd_Variational_Algorithms_in_Quantum_Artificial_Intel.pdf,ok,https://inspirehep.net/files/9f18be0dd7295a8b9c34debc9474edbf,4420082
303,nd_Variational_Quantum_Circuits_for_Efficient_Transfo.pdf,fail,https://openreview.net/pdf?id=tdc6RrmUzh,0
